,algorithm,policy,machine_id,workload_type,avg_cpu_actual,avg_cpu_predicted,avg_solar_pv,energy_consumed_wh,green_energy_wh,grid_energy_wh,geuf_percentage
0,TempoSight,PREDICTIVE_CARBON_AWARE,"(1,)",MEDIUM,35.09583333332917,35.5,0.0,270.1916666666583,0.0,270.1916666666583,0.0
1,TempoSight,NAIVE_CARBON_AWARE,"(1,)",MEDIUM,35.09583333332917,35.5,0.0,270.1916666666583,0.0,270.1916666666583,0.0
2,TempoSight,GREEN_OBLIVIOUS,"(1,)",MEDIUM,30.245833365118333,30.17,0.0,260.49166673023666,0.0,260.49166673023666,0.0
3,TempoSight,PREDICTIVE_CARBON_AWARE,"(4,)",MEDIUM,29.474166742959998,30.14,0.00244779047362397,258.94833348592,18.97244385403974,239.97588963188025,7.326729467085504
4,TempoSight,NAIVE_CARBON_AWARE,"(4,)",MEDIUM,30.339166720708334,30.89,0.0008233448094331232,260.67833344141667,11.098744768550741,249.57958867286592,4.25763991277204
5,TempoSight,GREEN_OBLIVIOUS,"(4,)",MEDIUM,29.474166742959998,30.14,0.00244779047362397,258.94833348592,18.97244385403974,239.97588963188025,7.326729467085504
6,TempoSight,PREDICTIVE_CARBON_AWARE,"(9,)",MEDIUM,35.7491666317025,36.72,0.0,271.498333263405,0.0,271.498333263405,0.0
7,TempoSight,NAIVE_CARBON_AWARE,"(9,)",MEDIUM,35.7491666317025,36.72,0.0,271.498333263405,0.0,271.498333263405,0.0
8,TempoSight,GREEN_OBLIVIOUS,"(9,)",MEDIUM,29.999166520440827,30.31,0.0,259.9983330408817,0.0,259.9983330408817,0.0
9,TempoSight,PREDICTIVE_CARBON_AWARE,"(25,)",MEDIUM,30.641666539507497,30.64,0.8756329497264108,261.28333307901494,261.28333307901494,0.0,100.0
10,TempoSight,NAIVE_CARBON_AWARE,"(25,)",MEDIUM,30.641666539507497,30.64,0.8756329497264108,261.28333307901494,261.28333307901494,0.0,100.0
11,TempoSight,GREEN_OBLIVIOUS,"(25,)",MEDIUM,30.164583277700416,30.0,0.7109961933211251,260.32916655540083,241.18289456396485,19.14627199143596,92.64536039323836
12,TempoSight,PREDICTIVE_CARBON_AWARE,"(47,)",MEDIUM,30.287499984103334,30.25,0.8656533292512298,260.5749999682066,258.3370790309699,2.2379209372367477,99.14116053439133
13,TempoSight,NAIVE_CARBON_AWARE,"(47,)",MEDIUM,30.287499984103334,30.25,0.8656533292512298,260.5749999682066,258.3370790309699,2.2379209372367477,99.14116053439133
14,TempoSight,GREEN_OBLIVIOUS,"(47,)",MEDIUM,29.65916676521333,30.17,0.08576790587138833,259.3183335304267,102.53479849601113,156.78353503441554,39.540127032314274
15,TempoSight,PREDICTIVE_CARBON_AWARE,"(48,)",MEDIUM,31.944583153723745,30.38,0.020143178536679622,263.88916630744745,79.43755348337484,184.45161282407264,30.10262020034013
16,TempoSight,NAIVE_CARBON_AWARE,"(48,)",MEDIUM,30.167708170414794,29.14,0.03211559995571347,260.33541634082957,130.1804206844982,130.15499565633138,50.004883128950375
17,TempoSight,GREEN_OBLIVIOUS,"(48,)",MEDIUM,31.63708318869375,30.31,0.007575756540456939,263.2741663773875,36.76949078285023,226.50467559453728,13.966235764333748
18,TempoSight,PREDICTIVE_CARBON_AWARE,"(53,)",MEDIUM,33.49250006675833,33.16,0.8756329497264108,266.9850001335167,266.9850001335167,0.0,100.0
19,TempoSight,NAIVE_CARBON_AWARE,"(53,)",MEDIUM,33.49250006675833,33.16,0.8756329497264108,266.9850001335167,266.9850001335167,0.0,100.0
20,TempoSight,GREEN_OBLIVIOUS,"(53,)",MEDIUM,29.9350000222525,30.02,0.6219709649218859,259.870000044505,232.16326500980276,27.706735034702227,89.33823256629961
21,TempoSight,PREDICTIVE_CARBON_AWARE,"(56,)",MEDIUM,33.6533333301525,33.62,0.0,267.30666666030504,0.0,267.30666666030504,0.0
22,TempoSight,NAIVE_CARBON_AWARE,"(56,)",MEDIUM,33.6533333301525,33.62,0.0,267.30666666030504,0.0,267.30666666030504,0.0
23,TempoSight,GREEN_OBLIVIOUS,"(56,)",MEDIUM,30.037499984105835,30.14,0.0,260.0749999682116,0.0,260.0749999682116,0.0
24,TempoSight,PREDICTIVE_CARBON_AWARE,"(58,)",MEDIUM,30.667499979336668,30.56,0.0,261.3349999586733,0.0,261.3349999586733,0.0
25,TempoSight,NAIVE_CARBON_AWARE,"(58,)",MEDIUM,30.667499979336668,30.56,0.0,261.3349999586733,0.0,261.3349999586733,0.0
26,TempoSight,GREEN_OBLIVIOUS,"(58,)",MEDIUM,30.4841666221625,30.44,0.0,260.968333244325,0.0,260.968333244325,0.0
27,TempoSight,PREDICTIVE_CARBON_AWARE,"(60,)",MEDIUM,31.956666572891667,31.56,0.0,263.9133331457833,0.0,263.9133331457833,0.0
28,TempoSight,NAIVE_CARBON_AWARE,"(60,)",MEDIUM,31.956666572891667,31.56,0.0,263.9133331457833,0.0,263.9133331457833,0.0
29,TempoSight,GREEN_OBLIVIOUS,"(60,)",MEDIUM,30.815833210947503,30.23,0.0,261.63166642189503,0.0,261.63166642189503,0.0
30,TempoSight,PREDICTIVE_CARBON_AWARE,"(77,)",MEDIUM,34.58916676839333,34.4,0.0,269.1783335367867,0.0,269.1783335367867,0.0
31,TempoSight,NAIVE_CARBON_AWARE,"(77,)",MEDIUM,34.58916676839333,34.4,0.0,269.1783335367867,0.0,269.1783335367867,0.0
32,TempoSight,GREEN_OBLIVIOUS,"(77,)",MEDIUM,30.587500047685833,30.69,0.0,261.1750000953716,0.0,261.1750000953716,0.0
33,TempoSight,PREDICTIVE_CARBON_AWARE,"(81,)",MEDIUM,30.049166599907505,30.12,0.796343132021231,260.098333199815,244.21360197562342,15.884731224191537,93.89279776276442
34,TempoSight,NAIVE_CARBON_AWARE,"(81,)",MEDIUM,30.049166599907505,30.12,0.796343132021231,260.098333199815,244.21360197562342,15.884731224191537,93.89279776276442
35,TempoSight,GREEN_OBLIVIOUS,"(81,)",MEDIUM,29.8741667270675,30.08,0.08576790587138833,259.748333454135,102.79479847058113,156.95353498355388,39.574767277085186
36,TempoSight,PREDICTIVE_CARBON_AWARE,"(119,)",MEDIUM,31.557916571700417,31.56,0.0,263.1158331434008,0.0,263.1158331434008,0.0
37,TempoSight,NAIVE_CARBON_AWARE,"(119,)",MEDIUM,31.557916571700417,31.56,0.0,263.1158331434008,0.0,263.1158331434008,0.0
38,TempoSight,GREEN_OBLIVIOUS,"(119,)",MEDIUM,30.384583236777086,30.73,0.0,260.76916647355415,0.0,260.76916647355415,0.0
39,TempoSight,PREDICTIVE_CARBON_AWARE,"(123,)",MEDIUM,31.639722228050005,32.53,0.0,263.2794444561,0.0,263.2794444561,0.0
40,TempoSight,NAIVE_CARBON_AWARE,"(123,)",MEDIUM,31.639722228050005,32.53,0.0,263.2794444561,0.0,263.2794444561,0.0
41,TempoSight,GREEN_OBLIVIOUS,"(123,)",MEDIUM,29.674722234405834,30.42,0.0,259.3494444688116,0.0,259.3494444688116,0.0
42,TempoSight,PREDICTIVE_CARBON_AWARE,"(125,)",MEDIUM,41.90062492688855,41.47,0.0,283.8012498537771,0.0,283.8012498537771,0.0
43,TempoSight,NAIVE_CARBON_AWARE,"(125,)",MEDIUM,41.90062492688855,41.47,0.0,283.8012498537771,0.0,283.8012498537771,0.0
44,TempoSight,GREEN_OBLIVIOUS,"(125,)",MEDIUM,31.5449999650375,30.67,0.0,263.089999930075,0.0,263.089999930075,0.0
45,TempoSight,PREDICTIVE_CARBON_AWARE,"(128,)",MEDIUM,36.87541668282792,36.16,0.0,273.7508333656558,0.0,273.7508333656558,0.0
46,TempoSight,NAIVE_CARBON_AWARE,"(128,)",MEDIUM,36.87541668282792,36.16,0.0,273.7508333656558,0.0,273.7508333656558,0.0
47,TempoSight,GREEN_OBLIVIOUS,"(128,)",MEDIUM,30.543055544957497,30.33,0.0,261.086111089915,0.0,261.086111089915,0.0
48,TempoSight,PREDICTIVE_CARBON_AWARE,"(129,)",MEDIUM,36.609375194707496,36.53,0.0,273.21875038941494,0.0,273.21875038941494,0.0
49,TempoSight,NAIVE_CARBON_AWARE,"(129,)",MEDIUM,36.609375194707496,36.53,0.0,273.21875038941494,0.0,273.21875038941494,0.0
50,TempoSight,GREEN_OBLIVIOUS,"(129,)",MEDIUM,30.773125195502292,30.48,0.0,261.54625039100455,0.0,261.54625039100455,0.0
51,TempoSight,PREDICTIVE_CARBON_AWARE,"(160,)",MEDIUM,30.729374889532505,30.42,0.013740034068071944,261.458749779065,57.909220169118186,203.54952960994683,22.14851108178709
52,TempoSight,NAIVE_CARBON_AWARE,"(160,)",MEDIUM,30.075208206971666,29.81,0.016944974789742922,260.15041641394333,68.23255349609485,191.91786291784848,26.22811619395039
53,TempoSight,GREEN_OBLIVIOUS,"(160,)",MEDIUM,30.729374889532505,30.42,0.013740034068071944,261.458749779065,57.909220169118186,203.54952960994683,22.14851108178709
54,TempoSight,PREDICTIVE_CARBON_AWARE,"(166,)",MEDIUM,30.643124953900422,30.39,0.8656533292512298,261.2862499078008,258.6533288624824,2.6329210453184153,98.99232315276923
55,TempoSight,NAIVE_CARBON_AWARE,"(166,)",MEDIUM,30.038124934827085,29.95,0.8695860659196747,260.07624986965413,258.0158935885845,2.0603562810696374,99.20778760763343
56,TempoSight,GREEN_OBLIVIOUS,"(166,)",MEDIUM,30.236666695274163,30.12,0.06333419362192974,260.4733333905483,128.4407676971266,132.03256569342176,49.310524814663154
57,TempoSight,PREDICTIVE_CARBON_AWARE,"(169,)",MEDIUM,29.725833384195,30.25,1.4829303116933079e-06,259.45166676839,10.271666622161666,249.18000014622834,3.9589904162500846
58,TempoSight,NAIVE_CARBON_AWARE,"(169,)",MEDIUM,35.805000050861665,36.9,0.0,271.61000010172336,0.0,271.61000010172336,0.0
59,TempoSight,GREEN_OBLIVIOUS,"(169,)",MEDIUM,29.725833384195,30.25,1.4829303116933079e-06,259.45166676839,10.271666622161666,249.18000014622834,3.9589904162500846
60,TempoSight,PREDICTIVE_CARBON_AWARE,"(175,)",MEDIUM,29.94250011444417,30.08,0.796343132021231,259.8850002288883,242.89450026394556,16.99049996494276,93.46230065221974
61,TempoSight,NAIVE_CARBON_AWARE,"(175,)",MEDIUM,30.180833260219163,30.7,0.020143178536679622,260.36166652043835,78.45422011825485,181.9074464021835,30.132784586434582
62,TempoSight,GREEN_OBLIVIOUS,"(175,)",MEDIUM,29.94250011444417,30.08,0.796343132021231,259.8850002288883,242.89450026394556,16.99049996494276,93.46230065221974
63,TempoSight,PREDICTIVE_CARBON_AWARE,"(177,)",MEDIUM,29.962500047686664,30.33,0.016944974789742922,259.9250000953733,66.76088690572152,193.1641131896518,25.684673225440108
64,TempoSight,NAIVE_CARBON_AWARE,"(177,)",MEDIUM,30.463333400091667,30.89,0.013740034068071944,260.9266668001833,55.95255357238652,204.9741132277968,21.443785052155974
65,TempoSight,GREEN_OBLIVIOUS,"(177,)",MEDIUM,29.962500047686664,30.33,0.016944974789742922,259.9250000953733,66.76088690572152,193.1641131896518,25.684673225440108
66,TempoSight,PREDICTIVE_CARBON_AWARE,"(178,)",MEDIUM,32.957500036555,33.97,0.0,265.91500007311004,0.0,265.91500007311004,0.0
67,TempoSight,NAIVE_CARBON_AWARE,"(178,)",MEDIUM,32.957500036555,33.97,0.0,265.91500007311004,0.0,265.91500007311004,0.0
68,TempoSight,GREEN_OBLIVIOUS,"(178,)",MEDIUM,29.115000049271668,30.05,0.0,258.2300000985433,0.0,258.2300000985433,0.0
69,TempoSight,PREDICTIVE_CARBON_AWARE,"(179,)",MEDIUM,30.085208292805003,30.2,0.029854354633996535,260.17041658561,118.39833737182528,141.7720792137847,45.507993924000154
70,TempoSight,NAIVE_CARBON_AWARE,"(179,)",MEDIUM,30.055833355585836,29.7,0.8561217715253832,260.11166671117167,257.75901932662526,2.352647384546394,99.09552408229393
71,TempoSight,GREEN_OBLIVIOUS,"(179,)",MEDIUM,30.0518749594725,30.11,0.028190233357540496,260.10374991894497,109.76255345158819,150.34119646735684,42.19952749077744
72,TempoSight,PREDICTIVE_CARBON_AWARE,"(187,)",MEDIUM,30.734999942784167,30.31,0.023334645308882043,261.4699998855683,89.29755339437484,172.17244649119345,34.15212201531943
73,TempoSight,NAIVE_CARBON_AWARE,"(187,)",MEDIUM,30.229999939604998,29.86,0.02601699691583567,260.45999987920993,99.73755338801652,160.72244649119347,38.292848588754694
74,TempoSight,GREEN_OBLIVIOUS,"(187,)",MEDIUM,30.734999942784167,30.31,0.023334645308882043,261.4699998855683,89.29755339437484,172.17244649119345,34.15212201531943
75,TempoSight,PREDICTIVE_CARBON_AWARE,"(188,)",MEDIUM,30.334166685738335,30.02,0.8638347397210758,260.6683333714767,258.69207901825826,1.9762543532184154,99.24185100366522
76,TempoSight,NAIVE_CARBON_AWARE,"(188,)",MEDIUM,30.1966667334225,29.95,0.8656533292512298,260.393333466845,258.4170791136266,1.9762543532184154,99.24105032686252
77,TempoSight,GREEN_OBLIVIOUS,"(188,)",MEDIUM,30.334166685738335,30.02,0.8638347397210758,260.6683333714767,258.69207901825826,1.9762543532184154,99.24185100366522
78,TempoSight,PREDICTIVE_CARBON_AWARE,"(193,)",MEDIUM,30.938333225253334,30.17,0.03842946273493001,261.8766664505066,149.83106164856463,112.04560480194203,57.21436112632126
79,TempoSight,NAIVE_CARBON_AWARE,"(193,)",MEDIUM,30.160833231611672,29.83,0.04205301313025789,260.3216664632233,158.43114934524226,101.89051711798106,60.859763037674185
80,TempoSight,GREEN_OBLIVIOUS,"(193,)",MEDIUM,30.938333225253334,30.17,0.03842946273493001,261.8766664505066,149.83106164856463,112.04560480194203,57.21436112632126
81,TempoSight,PREDICTIVE_CARBON_AWARE,"(194,)",MEDIUM,30.21416657765917,30.5,0.04205301313025789,260.42833315531834,158.47448268492727,101.95385047039106,60.85147524651773
82,TempoSight,NAIVE_CARBON_AWARE,"(194,)",MEDIUM,30.21416657765917,30.5,0.04205301313025789,260.42833315531834,158.47448268492727,101.95385047039106,60.85147524651773
83,TempoSight,GREEN_OBLIVIOUS,"(194,)",MEDIUM,30.21416657765917,30.5,0.04205301313025789,260.42833315531834,158.47448268492727,101.95385047039106,60.85147524651773
84,TempoSight,PREDICTIVE_CARBON_AWARE,"(201,)",MEDIUM,33.52750012079667,33.34,0.0,267.05500024159335,0.0,267.05500024159335,0.0
85,TempoSight,NAIVE_CARBON_AWARE,"(201,)",MEDIUM,33.52750012079667,33.34,0.0,267.05500024159335,0.0,267.05500024159335,0.0
86,TempoSight,GREEN_OBLIVIOUS,"(201,)",MEDIUM,30.5416667381875,30.3,0.0,261.083333476375,0.0,261.083333476375,0.0
87,TempoSight,PREDICTIVE_CARBON_AWARE,"(209,)",MEDIUM,29.504166690501666,30.33,0.020143178536679622,259.00833338100335,75.70422016593986,183.30411321506347,29.22848820257005
88,TempoSight,NAIVE_CARBON_AWARE,"(209,)",MEDIUM,30.083333357169167,31.02,0.016944974789742922,260.1666667143383,65.46255349927485,194.70411321506344,25.161775843925614
89,TempoSight,GREEN_OBLIVIOUS,"(209,)",MEDIUM,29.504166690501666,30.33,0.020143178536679622,259.00833338100335,75.70422016593986,183.30411321506347,29.22848820257005
90,TempoSight,PREDICTIVE_CARBON_AWARE,"(211,)",MEDIUM,34.04749997456417,34.28,0.0,268.09499994912835,0.0,268.09499994912835,0.0
91,TempoSight,NAIVE_CARBON_AWARE,"(211,)",MEDIUM,34.04749997456417,34.28,0.0,268.09499994912835,0.0,268.09499994912835,0.0
92,TempoSight,GREEN_OBLIVIOUS,"(211,)",MEDIUM,30.996666653945834,30.36,0.0,261.99333330789165,0.0,261.99333330789165,0.0
93,TempoSight,PREDICTIVE_CARBON_AWARE,"(213,)",MEDIUM,29.401666704811664,30.06,0.0556341425745994,258.80333340962335,150.65059102217992,108.1527423874434,58.210452329737315
94,TempoSight,NAIVE_CARBON_AWARE,"(213,)",MEDIUM,30.55416671434917,31.23,0.04584462050867493,261.1083334286983,167.02150626976683,94.08682715893148,63.96636372211994
95,TempoSight,GREEN_OBLIVIOUS,"(213,)",MEDIUM,29.401666704811664,30.06,0.0556341425745994,258.80333340962335,150.65059102217992,108.1527423874434,58.210452329737315
96,TempoSight,PREDICTIVE_CARBON_AWARE,"(214,)",MEDIUM,30.280833355589166,30.08,0.03842946273493001,260.5616667111783,148.2443951917063,112.31727151947204,56.89416907055212
97,TempoSight,NAIVE_CARBON_AWARE,"(214,)",MEDIUM,30.280833355589166,30.08,0.03842946273493001,260.5616667111783,148.2443951917063,112.31727151947204,56.89416907055212
98,TempoSight,GREEN_OBLIVIOUS,"(214,)",MEDIUM,30.280833355589166,30.08,0.03842946273493001,260.5616667111783,148.2443951917063,112.31727151947204,56.89416907055212
99,TempoSight,PREDICTIVE_CARBON_AWARE,"(227,)",MEDIUM,30.331666707988333,30.05,0.013740034068071944,260.6633334159767,56.209220232696524,204.45411318328013,21.563915222013854
100,TempoSight,NAIVE_CARBON_AWARE,"(227,)",MEDIUM,30.331666707988333,30.05,0.013740034068071944,260.6633334159767,56.209220232696524,204.45411318328013,21.563915222013854
101,TempoSight,GREEN_OBLIVIOUS,"(227,)",MEDIUM,30.331666707988333,30.05,0.013740034068071944,260.6633334159767,56.209220232696524,204.45411318328013,21.563915222013854
102,TempoSight,PREDICTIVE_CARBON_AWARE,"(238,)",MEDIUM,35.49000002543167,34.97,0.0,270.9800000508633,0.0,270.9800000508633,0.0
103,TempoSight,NAIVE_CARBON_AWARE,"(238,)",MEDIUM,35.49000002543167,34.97,0.0,270.9800000508633,0.0,270.9800000508633,0.0
104,TempoSight,GREEN_OBLIVIOUS,"(238,)",MEDIUM,30.897500054038336,30.39,0.0,261.7950001080767,0.0,261.7950001080767,0.0
105,TempoSight,PREDICTIVE_CARBON_AWARE,"(241,)",MEDIUM,37.37881935172792,37.1,0.0,274.75763870345577,0.0,274.75763870345577,0.0
106,TempoSight,NAIVE_CARBON_AWARE,"(241,)",MEDIUM,37.37881935172792,37.1,0.0,274.75763870345577,0.0,274.75763870345577,0.0
107,TempoSight,GREEN_OBLIVIOUS,"(241,)",MEDIUM,30.52777764003083,30.7,0.0,261.05555528006164,0.0,261.05555528006164,0.0
108,TempoSight,PREDICTIVE_CARBON_AWARE,"(243,)",MEDIUM,35.770833285651044,35.53,0.0,271.541666571302,0.0,271.541666571302,0.0
109,TempoSight,NAIVE_CARBON_AWARE,"(243,)",MEDIUM,35.770833285651044,35.53,0.0,271.541666571302,0.0,271.541666571302,0.0
110,TempoSight,GREEN_OBLIVIOUS,"(243,)",MEDIUM,29.647500038148333,30.08,0.0,259.2950000762967,0.0,259.2950000762967,0.0
111,TempoSight,PREDICTIVE_CARBON_AWARE,"(247,)",MEDIUM,30.615000041323338,30.73,1.4829303116933079e-06,261.23000008264665,10.308333333331667,250.92166674931497,3.946075615385051
112,TempoSight,NAIVE_CARBON_AWARE,"(247,)",MEDIUM,30.615000041323338,30.73,1.4829303116933079e-06,261.23000008264665,10.308333333331667,250.92166674931497,3.946075615385051
113,TempoSight,GREEN_OBLIVIOUS,"(247,)",MEDIUM,30.615000041323338,30.73,1.4829303116933079e-06,261.23000008264665,10.308333333331667,250.92166674931497,3.946075615385051
114,TempoSight,PREDICTIVE_CARBON_AWARE,"(253,)",MEDIUM,33.518333228431665,33.97,0.0,267.0366664568633,0.0,267.0366664568633,0.0
115,TempoSight,NAIVE_CARBON_AWARE,"(253,)",MEDIUM,33.518333228431665,33.97,0.0,267.0366664568633,0.0,267.0366664568633,0.0
116,TempoSight,GREEN_OBLIVIOUS,"(253,)",MEDIUM,30.092499860129166,30.31,0.0,260.18499972025836,0.0,260.18499972025836,0.0
117,TempoSight,PREDICTIVE_CARBON_AWARE,"(255,)",MEDIUM,30.6302777555275,30.33,1.4829303116933079e-06,261.260555511055,10.364999993643332,250.89555551741165,3.967303817971384
118,TempoSight,NAIVE_CARBON_AWARE,"(255,)",MEDIUM,30.6302777555275,30.33,1.4829303116933079e-06,261.260555511055,10.364999993643332,250.89555551741165,3.967303817971384
119,TempoSight,GREEN_OBLIVIOUS,"(255,)",MEDIUM,30.6302777555275,30.33,1.4829303116933079e-06,261.260555511055,10.364999993643332,250.89555551741165,3.967303817971384
120,TempoSight,PREDICTIVE_CARBON_AWARE,"(259,)",MEDIUM,31.26333339213917,31.61,0.0,262.5266667842783,0.0,262.5266667842783,0.0
121,TempoSight,NAIVE_CARBON_AWARE,"(259,)",MEDIUM,31.26333339213917,31.61,0.0,262.5266667842783,0.0,262.5266667842783,0.0
122,TempoSight,GREEN_OBLIVIOUS,"(259,)",MEDIUM,29.96916675567083,30.33,0.0,259.9383335113416,0.0,259.9383335113416,0.0
123,TempoSight,PREDICTIVE_CARBON_AWARE,"(266,)",MEDIUM,31.210833279295837,30.45,0.020143178536679622,262.42166655859165,79.0008868357882,183.42077972280347,30.104559532682273
124,TempoSight,NAIVE_CARBON_AWARE,"(266,)",MEDIUM,30.051666649186668,29.25,0.028190233357540496,260.10333329837334,110.24255348656152,149.8607798118118,42.38413713833438
125,TempoSight,GREEN_OBLIVIOUS,"(266,)",MEDIUM,31.210833279295837,30.45,0.020143178536679622,262.42166655859165,79.0008868357882,183.42077972280347,30.104559532682273
126,TempoSight,PREDICTIVE_CARBON_AWARE,"(274,)",MEDIUM,29.829999987284168,30.31,0.03497396932269129,259.65999997456834,139.68500411478695,119.97499585978139,53.79534935241007
127,TempoSight,NAIVE_CARBON_AWARE,"(274,)",MEDIUM,30.194999980925832,30.64,0.03211559995571347,260.3899999618517,129.53667075602363,130.85332920582806,49.747175688391
128,TempoSight,GREEN_OBLIVIOUS,"(274,)",MEDIUM,29.829999987284168,30.31,0.03497396932269129,259.65999997456834,139.68500411478695,119.97499585978139,53.79534935241007
129,TempoSight,PREDICTIVE_CARBON_AWARE,"(282,)",MEDIUM,30.22166663805417,30.17,0.0,260.4433332761083,0.0,260.4433332761083,0.0
130,TempoSight,NAIVE_CARBON_AWARE,"(282,)",MEDIUM,30.22166663805417,30.17,0.0,260.4433332761083,0.0,260.4433332761083,0.0
131,TempoSight,GREEN_OBLIVIOUS,"(282,)",MEDIUM,30.22166663805417,30.17,0.0,260.4433332761083,0.0,260.4433332761083,0.0
132,TempoSight,PREDICTIVE_CARBON_AWARE,"(297,)",MEDIUM,36.36999986966583,36.75,0.0,272.73999973933167,0.0,272.73999973933167,0.0
133,TempoSight,NAIVE_CARBON_AWARE,"(297,)",MEDIUM,36.36999986966583,36.75,0.0,272.73999973933167,0.0,272.73999973933167,0.0
134,TempoSight,GREEN_OBLIVIOUS,"(297,)",MEDIUM,30.390833234786665,30.36,0.0,260.78166646957334,0.0,260.78166646957334,0.0
135,TempoSight,PREDICTIVE_CARBON_AWARE,"(300,)",MEDIUM,30.065000057219166,30.94,1.4829303116933079e-06,260.1300001144383,10.316666666666666,249.81333344777164,3.9659657333364406
136,TempoSight,NAIVE_CARBON_AWARE,"(300,)",MEDIUM,30.065000057219166,30.94,1.4829303116933079e-06,260.1300001144383,10.316666666666666,249.81333344777164,3.9659657333364406
137,TempoSight,GREEN_OBLIVIOUS,"(300,)",MEDIUM,30.065000057219166,30.94,1.4829303116933079e-06,260.1300001144383,10.316666666666666,249.81333344777164,3.9659657333364406
138,TempoSight,PREDICTIVE_CARBON_AWARE,"(302,)",MEDIUM,29.703888856040276,30.17,8.897581870159848e-06,259.40777771208053,26.78222226036889,232.62555545171165,10.324371341747034
139,TempoSight,NAIVE_CARBON_AWARE,"(302,)",MEDIUM,30.278680502042572,30.55,4.448790935079924e-06,260.5573610040851,19.378333377836668,241.17902762624846,7.4372619154416615
140,TempoSight,GREEN_OBLIVIOUS,"(302,)",MEDIUM,29.703888856040276,30.17,8.897581870159848e-06,259.40777771208053,26.78222226036889,232.62555545171165,10.324371341747034
141,TempoSight,PREDICTIVE_CARBON_AWARE,"(306,)",MEDIUM,34.669166664283544,34.44,0.0,269.33833332856705,0.0,269.33833332856705,0.0
142,TempoSight,NAIVE_CARBON_AWARE,"(306,)",MEDIUM,34.669166664283544,34.44,0.0,269.33833332856705,0.0,269.33833332856705,0.0
143,TempoSight,GREEN_OBLIVIOUS,"(306,)",MEDIUM,30.352500116818543,30.44,0.0,260.70500023363707,0.0,260.70500023363707,0.0
144,TempoSight,PREDICTIVE_CARBON_AWARE,"(310,)",MEDIUM,36.11833322842667,35.47,0.0,272.2366664568533,0.0,272.2366664568533,0.0
145,TempoSight,NAIVE_CARBON_AWARE,"(310,)",MEDIUM,36.11833322842667,35.47,0.0,272.2366664568533,0.0,272.2366664568533,0.0
146,TempoSight,GREEN_OBLIVIOUS,"(310,)",MEDIUM,30.948333295184167,30.23,0.0,261.89666659036834,0.0,261.89666659036834,0.0
147,TempoSight,PREDICTIVE_CARBON_AWARE,"(311,)",MEDIUM,29.84416658084,30.19,0.03497396932269129,259.6883331616799,140.88333740998027,118.80499575169972,54.25093060390488
148,TempoSight,NAIVE_CARBON_AWARE,"(311,)",MEDIUM,30.6066665649425,31.12,0.020143178536679622,261.213333129885,78.98422020090985,182.22911292897516,30.237438209800704
149,TempoSight,GREEN_OBLIVIOUS,"(311,)",MEDIUM,29.84416658084,30.19,0.03497396932269129,259.6883331616799,140.88333740998027,118.80499575169972,54.25093060390488
150,TempoSight,PREDICTIVE_CARBON_AWARE,"(313,)",MEDIUM,30.1333334287,30.08,0.016944974789742922,260.26666685739997,68.31422012461319,191.9524467327868,26.24777922946334
151,TempoSight,NAIVE_CARBON_AWARE,"(313,)",MEDIUM,30.1333334287,30.08,0.016944974789742922,260.26666685739997,68.31422012461319,191.9524467327868,26.24777922946334
152,TempoSight,GREEN_OBLIVIOUS,"(313,)",MEDIUM,30.1333334287,30.08,0.016944974789742922,260.26666685739997,68.31422012461319,191.9524467327868,26.24777922946334
153,TempoSight,PREDICTIVE_CARBON_AWARE,"(332,)",MEDIUM,32.771666622156665,33.34,0.0,265.5433332443133,0.0,265.5433332443133,0.0
154,TempoSight,NAIVE_CARBON_AWARE,"(332,)",MEDIUM,32.771666622156665,33.34,0.0,265.5433332443133,0.0,265.5433332443133,0.0
155,TempoSight,GREEN_OBLIVIOUS,"(332,)",MEDIUM,29.540833314258332,30.06,0.0,259.08166662851664,0.0,259.08166662851664,0.0
156,TempoSight,PREDICTIVE_CARBON_AWARE,"(334,)",MEDIUM,32.844166676200835,33.22,0.0,265.6883333524017,0.0,265.6883333524017,0.0
157,TempoSight,NAIVE_CARBON_AWARE,"(334,)",MEDIUM,32.844166676200835,33.22,0.0,265.6883333524017,0.0,265.6883333524017,0.0
158,TempoSight,GREEN_OBLIVIOUS,"(334,)",MEDIUM,30.219166692095,30.38,0.0,260.43833338419,0.0,260.43833338419,0.0
159,TempoSight,PREDICTIVE_CARBON_AWARE,"(339,)",MEDIUM,30.34333330790167,30.3,0.0008233448094331232,260.68666661580335,11.138744793980742,249.54792182182257,4.272847913006951
160,TempoSight,NAIVE_CARBON_AWARE,"(339,)",MEDIUM,30.34333330790167,30.3,0.0008233448094331232,260.68666661580335,11.138744793980742,249.54792182182257,4.272847913006951
161,TempoSight,GREEN_OBLIVIOUS,"(339,)",MEDIUM,30.34333330790167,30.3,0.0008233448094331232,260.68666661580335,11.138744793980742,249.54792182182257,4.272847913006951
162,TempoSight,PREDICTIVE_CARBON_AWARE,"(342,)",MEDIUM,32.49541672070777,31.0,0.0,264.99083344141553,0.0,264.99083344141553,0.0
163,TempoSight,NAIVE_CARBON_AWARE,"(342,)",MEDIUM,32.49541672070777,31.0,0.0,264.99083344141553,0.0,264.99083344141553,0.0
164,TempoSight,GREEN_OBLIVIOUS,"(342,)",MEDIUM,32.03000009854278,30.08,0.0,264.0600001970855,0.0,264.0600001970855,0.0
165,TempoSight,PREDICTIVE_CARBON_AWARE,"(344,)",MEDIUM,29.9941666285175,30.06,0.00244779047362397,259.988333257035,18.81744380317974,241.17088945385524,7.237803161181103
166,TempoSight,NAIVE_CARBON_AWARE,"(344,)",MEDIUM,30.70749996502833,30.81,0.0008233448094331232,261.41499993005664,11.098744800337407,250.31625512971925,4.245641911637416
167,TempoSight,GREEN_OBLIVIOUS,"(344,)",MEDIUM,29.9941666285175,30.06,0.00244779047362397,259.988333257035,18.81744380317974,241.17088945385524,7.237803161181103
168,TempoSight,PREDICTIVE_CARBON_AWARE,"(346,)",MEDIUM,33.245833381012496,32.97,0.8756329497264108,266.491666762025,266.491666762025,0.0,100.0
169,TempoSight,NAIVE_CARBON_AWARE,"(346,)",MEDIUM,33.245833381012496,32.97,0.8756329497264108,266.491666762025,266.491666762025,0.0,100.0
170,TempoSight,GREEN_OBLIVIOUS,"(346,)",MEDIUM,30.437500047684168,30.08,0.4489610018600549,260.87500009536836,163.55050600095203,97.32449409441628,62.69305450547683
171,TempoSight,PREDICTIVE_CARBON_AWARE,"(362,)",MEDIUM,30.707500060399997,30.67,1.4829303116933079e-06,261.41500012079996,10.198333326976666,251.21666679382332,3.9012043387961723
172,TempoSight,NAIVE_CARBON_AWARE,"(362,)",MEDIUM,30.707500060399997,30.67,1.4829303116933079e-06,261.41500012079996,10.198333326976666,251.21666679382332,3.9012043387961723
173,TempoSight,GREEN_OBLIVIOUS,"(362,)",MEDIUM,30.707500060399997,30.67,1.4829303116933079e-06,261.41500012079996,10.198333326976666,251.21666679382332,3.9012043387961723
174,TempoSight,PREDICTIVE_CARBON_AWARE,"(367,)",MEDIUM,30.228333393729162,30.19,0.8756329497264108,260.45666678745835,260.45666678745835,0.0,100.0
175,TempoSight,NAIVE_CARBON_AWARE,"(367,)",MEDIUM,30.228333393729162,30.19,0.8756329497264108,260.45666678745835,260.45666678745835,0.0,100.0
176,TempoSight,GREEN_OBLIVIOUS,"(367,)",MEDIUM,30.184999990465837,30.08,0.12137451199674197,260.36999998093165,93.75670095303681,166.61329902789487,36.009025986059505
177,TempoSight,PREDICTIVE_CARBON_AWARE,"(370,)",MEDIUM,34.32749997775,34.53,0.0,268.6549999555,0.0,268.6549999555,0.0
178,TempoSight,NAIVE_CARBON_AWARE,"(370,)",MEDIUM,34.32749997775,34.53,0.0,268.6549999555,0.0,268.6549999555,0.0
179,TempoSight,GREEN_OBLIVIOUS,"(370,)",MEDIUM,30.44500002861,30.39,0.0,260.89000005722,0.0,260.89000005722,0.0
180,TempoSight,PREDICTIVE_CARBON_AWARE,"(375,)",MEDIUM,34.54729167620292,34.78,0.0,269.09458335240583,0.0,269.09458335240583,0.0
181,TempoSight,NAIVE_CARBON_AWARE,"(375,)",MEDIUM,34.54729167620292,34.78,0.0,269.09458335240583,0.0,269.09458335240583,0.0
182,TempoSight,GREEN_OBLIVIOUS,"(375,)",MEDIUM,30.278333314256667,30.52,0.0,260.5566666285133,0.0,260.5566666285133,0.0
183,TempoSight,PREDICTIVE_CARBON_AWARE,"(386,)",MEDIUM,30.527500057220834,30.2,0.8756329497264108,261.05500011444167,261.05500011444167,0.0,100.0
184,TempoSight,NAIVE_CARBON_AWARE,"(386,)",MEDIUM,30.527500057220834,30.2,0.8756329497264108,261.05500011444167,261.05500011444167,0.0,100.0
185,TempoSight,GREEN_OBLIVIOUS,"(386,)",MEDIUM,30.0133333683,30.11,0.06333419362192974,260.0266667366,128.7474343574366,131.2792323791634,49.51316569690687
186,TempoSight,PREDICTIVE_CARBON_AWARE,"(392,)",MEDIUM,33.12833331425917,33.34,0.0,266.25666662851836,0.0,266.25666662851836,0.0
187,TempoSight,NAIVE_CARBON_AWARE,"(392,)",MEDIUM,33.12833331425917,33.34,0.0,266.25666662851836,0.0,266.25666662851836,0.0
188,TempoSight,GREEN_OBLIVIOUS,"(392,)",MEDIUM,29.889999922118335,30.0,0.0,259.77999984423667,0.0,259.77999984423667,0.0
189,TempoSight,PREDICTIVE_CARBON_AWARE,"(398,)",MEDIUM,30.179166587196665,30.7,1.4829303116933079e-06,260.35833317439335,10.354999987283332,250.00333318711,3.9772108927841923
190,TempoSight,NAIVE_CARBON_AWARE,"(398,)",MEDIUM,30.179166587196665,30.7,1.4829303116933079e-06,260.35833317439335,10.354999987283332,250.00333318711,3.9772108927841923
191,TempoSight,GREEN_OBLIVIOUS,"(398,)",MEDIUM,30.179166587196665,30.7,1.4829303116933079e-06,260.35833317439335,10.354999987283332,250.00333318711,3.9772108927841923
192,TempoSight,PREDICTIVE_CARBON_AWARE,"(404,)",MEDIUM,30.640833298364168,30.33,0.0008233448094331232,261.2816665967283,11.137078152745742,250.14458844398257,4.262479759031511
193,TempoSight,NAIVE_CARBON_AWARE,"(404,)",MEDIUM,30.640833298364168,30.33,0.0008233448094331232,261.2816665967283,11.137078152745742,250.14458844398257,4.262479759031511
194,TempoSight,GREEN_OBLIVIOUS,"(404,)",MEDIUM,30.640833298364168,30.33,0.0008233448094331232,261.2816665967283,11.137078152745742,250.14458844398257,4.262479759031511
195,TempoSight,PREDICTIVE_CARBON_AWARE,"(410,)",MEDIUM,30.317916774745417,30.06,0.016944974789742922,260.6358335494909,68.26088696929652,192.37494658019432,26.19013895352758
196,TempoSight,NAIVE_CARBON_AWARE,"(410,)",MEDIUM,30.03041677474542,29.69,0.020143178536679622,260.06083354949084,78.93255362324818,181.12827992624264,30.351572955420426
197,TempoSight,GREEN_OBLIVIOUS,"(410,)",MEDIUM,30.317916774745417,30.06,0.016944974789742922,260.6358335494909,68.26088696929652,192.37494658019432,26.19013895352758
198,TempoSight,PREDICTIVE_CARBON_AWARE,"(411,)",MEDIUM,29.86500002543417,30.08,0.023334645308882043,259.7300000508683,89.71255348338318,170.01744656748514,34.54069744188693
199,TempoSight,NAIVE_CARBON_AWARE,"(411,)",MEDIUM,30.6433333873775,30.92,0.020143178536679622,261.28666677475496,79.34255350245485,181.94411327230014,30.366093487216844
200,TempoSight,GREEN_OBLIVIOUS,"(411,)",MEDIUM,29.86500002543417,30.08,0.023334645308882043,259.7300000508683,89.71255348338318,170.01744656748514,34.54069744188693
201,TempoSight,PREDICTIVE_CARBON_AWARE,"(554,)",MEDIUM,35.30479156838625,35.66,0.0,270.60958313677247,0.0,270.60958313677247,0.0
202,TempoSight,NAIVE_CARBON_AWARE,"(554,)",MEDIUM,35.30479156838625,35.66,0.0,270.60958313677247,0.0,270.60958313677247,0.0
203,TempoSight,GREEN_OBLIVIOUS,"(554,)",MEDIUM,30.83819436629361,30.52,0.0,261.6763887325872,0.0,261.6763887325872,0.0
204,TempoSight,PREDICTIVE_CARBON_AWARE,"(571,)",MEDIUM,30.110000006356668,30.12,0.023334645308882043,260.22000001271334,89.82088688028819,170.39911313242516,34.517288016255435
205,TempoSight,NAIVE_CARBON_AWARE,"(571,)",MEDIUM,30.110000006356668,30.12,0.023334645308882043,260.22000001271334,89.82088688028819,170.39911313242516,34.517288016255435
206,TempoSight,GREEN_OBLIVIOUS,"(571,)",MEDIUM,30.110000006356668,30.12,0.023334645308882043,260.22000001271334,89.82088688028819,170.39911313242516,34.517288016255435
207,TempoSight,PREDICTIVE_CARBON_AWARE,"(572,)",MEDIUM,30.569166739781668,30.11,1.4829303116933079e-06,261.1383334795633,10.266666634878334,250.87166684468497,3.931504998932607
208,TempoSight,NAIVE_CARBON_AWARE,"(572,)",MEDIUM,30.569166739781668,30.11,1.4829303116933079e-06,261.1383334795633,10.266666634878334,250.87166684468497,3.931504998932607
209,TempoSight,GREEN_OBLIVIOUS,"(572,)",MEDIUM,30.569166739781668,30.11,1.4829303116933079e-06,261.1383334795633,10.266666634878334,250.87166684468497,3.931504998932607
210,TempoSight,PREDICTIVE_CARBON_AWARE,"(574,)",MEDIUM,31.223333263400836,30.2,0.023334645308882043,262.4466665268016,88.96755347066485,173.47911305613678,33.89928881477308
211,TempoSight,NAIVE_CARBON_AWARE,"(574,)",MEDIUM,30.138333304725837,29.67,0.029854354633996535,260.27666660945164,118.4116707242336,141.86499588521806,45.49453943250003
212,TempoSight,GREEN_OBLIVIOUS,"(574,)",MEDIUM,31.223333263400836,30.2,0.023334645308882043,262.4466665268016,88.96755347066485,173.47911305613678,33.89928881477308
213,TempoSight,PREDICTIVE_CARBON_AWARE,"(579,)",MEDIUM,30.341458352408335,30.31,0.013740034068071944,260.68291670481665,57.31088677856653,203.37202992625015,21.984903154763416
214,TempoSight,NAIVE_CARBON_AWARE,"(579,)",MEDIUM,30.341458352408335,30.31,0.013740034068071944,260.68291670481665,57.31088677856653,203.37202992625015,21.984903154763416
215,TempoSight,GREEN_OBLIVIOUS,"(579,)",MEDIUM,30.133125114440833,30.19,0.0048822345744427,260.26625022888163,26.881774980491866,233.38447524838978,10.328567363940454
216,TempoSight,PREDICTIVE_CARBON_AWARE,"(584,)",MEDIUM,31.6141665458675,31.14,0.8756329497264108,263.22833309173495,263.22833309173495,0.0,100.0
217,TempoSight,NAIVE_CARBON_AWARE,"(584,)",MEDIUM,31.6141665458675,31.14,0.8756329497264108,263.22833309173495,263.22833309173495,0.0,100.0
218,TempoSight,GREEN_OBLIVIOUS,"(584,)",MEDIUM,30.230000003174997,30.02,0.6432932176889842,260.46000000635,233.87628283819043,26.58371716815958,89.79355096079573
219,TempoSight,PREDICTIVE_CARBON_AWARE,"(590,)",MEDIUM,33.280833180745,33.47,0.0,266.56166636149,0.0,266.56166636149,0.0
220,TempoSight,NAIVE_CARBON_AWARE,"(590,)",MEDIUM,33.280833180745,33.47,0.0,266.56166636149,0.0,266.56166636149,0.0
221,TempoSight,GREEN_OBLIVIOUS,"(590,)",MEDIUM,30.166666587189997,30.08,0.0,260.33333317437996,0.0,260.33333317437996,0.0
222,TempoSight,PREDICTIVE_CARBON_AWARE,"(591,)",MEDIUM,30.27729172706063,30.08,0.020143178536679622,260.5545834541212,78.70755355966651,181.8470298944547,30.207702553628437
223,TempoSight,NAIVE_CARBON_AWARE,"(591,)",MEDIUM,30.27729172706063,30.08,0.020143178536679622,260.5545834541212,78.70755355966651,181.8470298944547,30.207702553628437
224,TempoSight,GREEN_OBLIVIOUS,"(591,)",MEDIUM,30.27729172706063,30.08,0.020143178536679622,260.5545834541212,78.70755355966651,181.8470298944547,30.207702553628437
225,TempoSight,PREDICTIVE_CARBON_AWARE,"(595,)",MEDIUM,35.39562513431145,35.38,0.0,270.7912502686229,0.0,270.7912502686229,0.0
226,TempoSight,NAIVE_CARBON_AWARE,"(595,)",MEDIUM,35.39562513431145,35.38,0.0,270.7912502686229,0.0,270.7912502686229,0.0
227,TempoSight,GREEN_OBLIVIOUS,"(595,)",MEDIUM,29.83500006993583,30.0,0.0,259.6700001398716,0.0,259.6700001398716,0.0
228,TempoSight,PREDICTIVE_CARBON_AWARE,"(613,)",MEDIUM,30.49333346685083,30.58,0.8722601045713788,260.98666693370166,260.85506913722963,0.13159779647199343,99.9495768124793
229,TempoSight,NAIVE_CARBON_AWARE,"(613,)",MEDIUM,30.821666765215834,31.02,0.8756329497264108,261.6433335304317,261.6433335304317,0.0,100.0
230,TempoSight,GREEN_OBLIVIOUS,"(613,)",MEDIUM,29.902500073118333,30.0,0.8372552273760109,259.8050001462367,256.4105559779498,3.3944441682868396,98.69346464988115
231,TempoSight,PREDICTIVE_CARBON_AWARE,"(616,)",MEDIUM,29.956666644414998,30.14,0.8756329497264108,259.91333328883,259.91333328883,0.0,100.0
232,TempoSight,NAIVE_CARBON_AWARE,"(616,)",MEDIUM,30.229166650773333,30.42,0.8695860659196747,260.45833330154665,258.72797703954865,1.7303562619979704,99.33564949139306
233,TempoSight,GREEN_OBLIVIOUS,"(616,)",MEDIUM,29.994999917345,30.05,0.06333419362192974,259.98999983468997,128.57243442101492,131.41756541367505,49.45283837946283
234,TempoSight,PREDICTIVE_CARBON_AWARE,"(617,)",MEDIUM,30.330833387369164,30.27,0.03497396932269129,260.6616667747383,141.0716708577403,119.58999591699803,54.12060492180205
235,TempoSight,NAIVE_CARBON_AWARE,"(617,)",MEDIUM,30.330833387369164,30.27,0.03497396932269129,260.6616667747383,141.0716708577403,119.58999591699803,54.12060492180205
236,TempoSight,GREEN_OBLIVIOUS,"(617,)",MEDIUM,30.330833387369164,30.27,0.03497396932269129,260.6616667747383,141.0716708577403,119.58999591699803,54.12060492180205
237,TempoSight,PREDICTIVE_CARBON_AWARE,"(634,)",MEDIUM,30.1841666142175,30.2,4.448790935079924e-06,260.368333228435,18.618333339693336,241.74999988874168,7.150767187712678
238,TempoSight,NAIVE_CARBON_AWARE,"(634,)",MEDIUM,30.1841666142175,30.2,4.448790935079924e-06,260.368333228435,18.618333339693336,241.74999988874168,7.150767187712678
239,TempoSight,GREEN_OBLIVIOUS,"(634,)",MEDIUM,30.1841666142175,30.2,4.448790935079924e-06,260.368333228435,18.618333339693336,241.74999988874168,7.150767187712678
240,TempoSight,PREDICTIVE_CARBON_AWARE,"(637,)",MEDIUM,30.130833339690838,30.0,8.897581870159848e-06,260.2616666793816,26.34055553012722,233.92111114925444,10.120797221580984
241,TempoSight,NAIVE_CARBON_AWARE,"(637,)",MEDIUM,30.042499987285833,29.77,0.0008233448094331232,260.0849999745717,11.400411441575741,248.68458853299592,4.383340616602399
242,TempoSight,GREEN_OBLIVIOUS,"(637,)",MEDIUM,30.130833339690838,30.0,8.897581870159848e-06,260.2616666793816,26.34055553012722,233.92111114925444,10.120797221580984
243,TempoSight,PREDICTIVE_CARBON_AWARE,"(641,)",MEDIUM,30.527500057219168,30.12,0.020143178536679622,261.0550001144383,78.16922014368652,182.8857799707518,29.94358281182877
244,TempoSight,NAIVE_CARBON_AWARE,"(641,)",MEDIUM,30.527500057219168,30.12,0.020143178536679622,261.0550001144383,78.16922014368652,182.8857799707518,29.94358281182877
245,TempoSight,GREEN_OBLIVIOUS,"(641,)",MEDIUM,30.527500057219168,30.12,0.020143178536679622,261.0550001144383,78.16922014368652,182.8857799707518,29.94358281182877
246,TempoSight,PREDICTIVE_CARBON_AWARE,"(645,)",MEDIUM,30.058333349225,30.36,0.020143178536679622,260.11666669845,78.52088678491819,181.5957799135318,30.186795710382707
247,TempoSight,NAIVE_CARBON_AWARE,"(645,)",MEDIUM,30.058333349225,30.36,0.020143178536679622,260.11666669845,78.52088678491819,181.5957799135318,30.186795710382707
248,TempoSight,GREEN_OBLIVIOUS,"(645,)",MEDIUM,30.058333349225,30.36,0.020143178536679622,260.11666669845,78.52088678491819,181.5957799135318,30.186795710382707
249,TempoSight,PREDICTIVE_CARBON_AWARE,"(646,)",MEDIUM,29.173333311079165,30.17,0.020143178536679622,258.3466666221583,78.0108868421432,180.33577978001514,30.19620414001201
250,TempoSight,NAIVE_CARBON_AWARE,"(646,)",MEDIUM,30.47333327929083,31.39,0.013740034068071944,260.9466665585817,57.227553508811525,203.71911304977013,21.930747099988007
251,TempoSight,GREEN_OBLIVIOUS,"(646,)",MEDIUM,29.173333311079165,30.17,0.020143178536679622,258.3466666221583,78.0108868421432,180.33577978001514,30.19620414001201
252,TempoSight,PREDICTIVE_CARBON_AWARE,"(655,)",MEDIUM,34.09166669844917,33.9,0.0,268.1833333968983,0.0,268.1833333968983,0.0
253,TempoSight,NAIVE_CARBON_AWARE,"(655,)",MEDIUM,34.09166669844917,33.9,0.0,268.1833333968983,0.0,268.1833333968983,0.0
254,TempoSight,GREEN_OBLIVIOUS,"(655,)",MEDIUM,30.089166704810832,30.14,0.0,260.17833340962164,0.0,260.17833340962164,0.0
255,TempoSight,PREDICTIVE_CARBON_AWARE,"(666,)",MEDIUM,30.205833387374998,30.56,0.03842946273493001,260.41166677474996,148.4266676584013,111.98499911634869,56.9969346983163
256,TempoSight,NAIVE_CARBON_AWARE,"(666,)",MEDIUM,30.205833387374998,30.56,0.03842946273493001,260.41166677474996,148.4266676584013,111.98499911634869,56.9969346983163
257,TempoSight,GREEN_OBLIVIOUS,"(666,)",MEDIUM,30.205833387374998,30.56,0.03842946273493001,260.41166677474996,148.4266676584013,111.98499911634869,56.9969346983163
258,TempoSight,PREDICTIVE_CARBON_AWARE,"(678,)",MEDIUM,34.926666673021664,34.9,0.0,269.8533333460433,0.0,269.8533333460433,0.0
259,TempoSight,NAIVE_CARBON_AWARE,"(678,)",MEDIUM,34.926666673021664,34.9,0.0,269.8533333460433,0.0,269.8533333460433,0.0
260,TempoSight,GREEN_OBLIVIOUS,"(678,)",MEDIUM,30.108333444595832,30.69,0.0,260.2166668891917,0.0,260.2166668891917,0.0
261,TempoSight,PREDICTIVE_CARBON_AWARE,"(694,)",MEDIUM,30.431666628520002,30.02,0.020143178536679622,260.86333325704004,78.5358869375082,182.32744631953182,30.10614253714352
262,TempoSight,NAIVE_CARBON_AWARE,"(694,)",MEDIUM,30.431666628520002,30.02,0.020143178536679622,260.86333325704004,78.5358869375082,182.32744631953182,30.10614253714352
263,TempoSight,GREEN_OBLIVIOUS,"(694,)",MEDIUM,30.431666628520002,30.02,0.020143178536679622,260.86333325704004,78.5358869375082,182.32744631953182,30.10614253714352
264,TempoSight,PREDICTIVE_CARBON_AWARE,"(699,)",MEDIUM,30.725000031794167,30.55,0.020143178536679622,261.4500000635883,78.26422025176818,183.1857798118201,29.934679760081558
265,TempoSight,NAIVE_CARBON_AWARE,"(699,)",MEDIUM,30.725000031794167,30.55,0.020143178536679622,261.4500000635883,78.26422025176818,183.1857798118201,29.934679760081558
266,TempoSight,GREEN_OBLIVIOUS,"(699,)",MEDIUM,30.725000031794167,30.55,0.020143178536679622,261.4500000635883,78.26422025176818,183.1857798118201,29.934679760081558
267,TempoSight,PREDICTIVE_CARBON_AWARE,"(703,)",MEDIUM,30.3424999554975,30.0,0.020143178536679622,260.684999910995,78.63255352788818,182.05244638310683,30.163819765132438
268,TempoSight,NAIVE_CARBON_AWARE,"(703,)",MEDIUM,30.3424999554975,30.0,0.020143178536679622,260.684999910995,78.63255352788818,182.05244638310683,30.163819765132438
269,TempoSight,GREEN_OBLIVIOUS,"(703,)",MEDIUM,30.3424999554975,30.0,0.020143178536679622,260.684999910995,78.63255352788818,182.05244638310683,30.163819765132438
270,TempoSight,PREDICTIVE_CARBON_AWARE,"(704,)",MEDIUM,30.680833435060833,30.36,0.016944974789742922,261.36166687012167,68.28755348337651,193.07411338674513,26.12760865093144
271,TempoSight,NAIVE_CARBON_AWARE,"(704,)",MEDIUM,30.18500011762167,29.94,0.020143178536679622,260.3700002352433,78.81755350245152,181.5524467327918,30.271365146230423
272,TempoSight,GREEN_OBLIVIOUS,"(704,)",MEDIUM,30.956666787468336,30.23,0.007575756540456939,261.9133335749367,37.03949079556355,224.8738427793731,14.141888192555912
273,TempoSight,PREDICTIVE_CARBON_AWARE,"(706,)",MEDIUM,30.429166698455003,30.25,0.0008233448094331232,260.85833339691,11.113744793979073,249.7445886029309,4.2604522727931835
274,TempoSight,NAIVE_CARBON_AWARE,"(706,)",MEDIUM,30.429166698455003,30.25,0.0008233448094331232,260.85833339691,11.113744793979073,249.7445886029309,4.2604522727931835
275,TempoSight,GREEN_OBLIVIOUS,"(706,)",MEDIUM,30.429166698455003,30.25,0.0008233448094331232,260.85833339691,11.113744793979073,249.7445886029309,4.2604522727931835
276,TempoSight,PREDICTIVE_CARBON_AWARE,"(707,)",MEDIUM,30.754166666663334,30.67,1.4829303116933079e-06,261.5083333333266,10.396666653951666,251.111666679375,3.975654053326
277,TempoSight,NAIVE_CARBON_AWARE,"(707,)",MEDIUM,30.754166666663334,30.67,1.4829303116933079e-06,261.5083333333266,10.396666653951666,251.111666679375,3.975654053326
278,TempoSight,GREEN_OBLIVIOUS,"(707,)",MEDIUM,30.754166666663334,30.67,1.4829303116933079e-06,261.5083333333266,10.396666653951666,251.111666679375,3.975654053326
279,TempoSight,PREDICTIVE_CARBON_AWARE,"(708,)",MEDIUM,30.05583326021416,30.27,0.0008233448094331232,260.11166652042834,11.195411486080742,248.91625503434759,4.304078950338619
280,TempoSight,NAIVE_CARBON_AWARE,"(708,)",MEDIUM,30.05583326021416,30.27,0.0008233448094331232,260.11166652042834,11.195411486080742,248.91625503434759,4.304078950338619
281,TempoSight,GREEN_OBLIVIOUS,"(708,)",MEDIUM,30.05583326021416,30.27,0.0008233448094331232,260.11166652042834,11.195411486080742,248.91625503434759,4.304078950338619
282,TempoSight,PREDICTIVE_CARBON_AWARE,"(713,)",MEDIUM,37.43645843929945,37.84,0.0,274.87291687859886,0.0,274.87291687859886,0.0
283,TempoSight,NAIVE_CARBON_AWARE,"(713,)",MEDIUM,37.43645843929945,37.84,0.0,274.87291687859886,0.0,274.87291687859886,0.0
284,TempoSight,GREEN_OBLIVIOUS,"(713,)",MEDIUM,30.804166740842778,30.56,0.0,261.6083334816856,0.0,261.6083334816856,0.0
285,TempoSight,PREDICTIVE_CARBON_AWARE,"(714,)",MEDIUM,37.76527774069306,37.5,0.0,275.53055548138616,0.0,275.53055548138616,0.0
286,TempoSight,NAIVE_CARBON_AWARE,"(714,)",MEDIUM,30.254444413713887,29.61,8.897581870159848e-06,260.50888882742777,27.46333332061667,233.04555550681107,10.542186657903084
287,TempoSight,GREEN_OBLIVIOUS,"(714,)",MEDIUM,31.199861070844303,30.62,0.0,262.3997221416886,0.0,262.3997221416886,0.0
288,TempoSight,PREDICTIVE_CARBON_AWARE,"(718,)",MEDIUM,33.21083340644916,33.3,0.0,266.4216668128983,0.0,266.4216668128983,0.0
289,TempoSight,NAIVE_CARBON_AWARE,"(718,)",MEDIUM,33.21083340644916,33.3,0.0,266.4216668128983,0.0,266.4216668128983,0.0
290,TempoSight,GREEN_OBLIVIOUS,"(718,)",MEDIUM,30.419166707994165,30.58,0.0,260.83833341598836,0.0,260.83833341598836,0.0
291,TempoSight,PREDICTIVE_CARBON_AWARE,"(720,)",MEDIUM,35.8449999968175,36.22,0.0,271.68999999363496,0.0,271.68999999363496,0.0
292,TempoSight,NAIVE_CARBON_AWARE,"(720,)",MEDIUM,30.179166777926667,29.98,1.4829303116933079e-06,260.35833355585333,10.356666660308333,250.001666895545,3.9778510327907632
293,TempoSight,GREEN_OBLIVIOUS,"(720,)",MEDIUM,30.810000069934166,30.52,0.0,261.62000013986835,0.0,261.62000013986835,0.0
294,TempoSight,PREDICTIVE_CARBON_AWARE,"(730,)",MEDIUM,34.98916665713333,30.86,0.7261631701433396,269.97833331426665,250.22835574338214,19.749977570884514,92.68460645399472
295,TempoSight,NAIVE_CARBON_AWARE,"(730,)",MEDIUM,31.034166638059997,28.45,0.6953015591161317,262.06833327612003,240.62183830186035,21.446494974259615,91.81644928017181
296,TempoSight,GREEN_OBLIVIOUS,"(730,)",MEDIUM,29.926666673021668,30.27,0.020143178536679622,259.8533333460433,79.28088685485986,180.57244649118348,30.509859478801655
297,TempoSight,PREDICTIVE_CARBON_AWARE,"(731,)",MEDIUM,37.64472217692514,37.56,0.0,275.2894443538503,0.0,275.2894443538503,0.0
298,TempoSight,NAIVE_CARBON_AWARE,"(731,)",MEDIUM,37.64472217692514,37.56,0.0,275.2894443538503,0.0,275.2894443538503,0.0
299,TempoSight,GREEN_OBLIVIOUS,"(731,)",MEDIUM,29.825972134540972,30.19,0.0,259.6519442690819,0.0,259.6519442690819,0.0
300,TempoSight,PREDICTIVE_CARBON_AWARE,"(737,)",MEDIUM,30.103333266573333,30.61,0.020143178536679622,260.2066665331467,78.18922021997986,182.0174463131668,30.04889200639279
301,TempoSight,NAIVE_CARBON_AWARE,"(737,)",MEDIUM,30.103333266573333,30.61,0.020143178536679622,260.2066665331467,78.18922021997986,182.0174463131668,30.04889200639279
302,TempoSight,GREEN_OBLIVIOUS,"(737,)",MEDIUM,30.103333266573333,30.61,0.020143178536679622,260.2066665331467,78.18922021997986,182.0174463131668,30.04889200639279
303,TempoSight,PREDICTIVE_CARBON_AWARE,"(743,)",MEDIUM,29.795000012718333,30.06,0.0048822345744427,259.59000002543667,28.1067749804902,231.48322504494644,10.827372001131044
304,TempoSight,NAIVE_CARBON_AWARE,"(743,)",MEDIUM,30.520833386317776,30.5,8.897581870159848e-06,261.04166677263555,27.338333320618332,233.7033334520172,10.472785306121157
305,TempoSight,GREEN_OBLIVIOUS,"(743,)",MEDIUM,29.795000012718333,30.06,0.0048822345744427,259.59000002543667,28.1067749804902,231.48322504494644,10.827372001131044
306,TempoSight,PREDICTIVE_CARBON_AWARE,"(747,)",MEDIUM,30.164166593552505,30.12,0.03497396932269129,260.328333187105,140.9983374354036,119.32999575170138,54.16173326553139
307,TempoSight,NAIVE_CARBON_AWARE,"(747,)",MEDIUM,30.164166593552505,30.12,0.03497396932269129,260.328333187105,140.9983374354036,119.32999575170138,54.16173326553139
308,TempoSight,GREEN_OBLIVIOUS,"(747,)",MEDIUM,30.164166593552505,30.12,0.03497396932269129,260.328333187105,140.9983374354036,119.32999575170138,54.16173326553139
309,TempoSight,PREDICTIVE_CARBON_AWARE,"(748,)",MEDIUM,30.654166726269583,30.2,0.0008233448094331232,261.30833345253916,11.32041151786741,249.98792193467176,4.33220455249029
310,TempoSight,NAIVE_CARBON_AWARE,"(748,)",MEDIUM,30.654166726269583,30.2,0.0008233448094331232,261.30833345253916,11.32041151786741,249.98792193467176,4.33220455249029
311,TempoSight,GREEN_OBLIVIOUS,"(748,)",MEDIUM,30.654166726269583,30.2,0.0008233448094331232,261.30833345253916,11.32041151786741,249.98792193467176,4.33220455249029
312,TempoSight,PREDICTIVE_CARBON_AWARE,"(749,)",MEDIUM,29.93833336829917,30.02,0.8638347397210758,259.8766667365983,257.9620791581232,1.9145875784750803,99.26327068816238
313,TempoSight,NAIVE_CARBON_AWARE,"(749,)",MEDIUM,30.230000034966668,30.33,0.8641302973292132,260.46000006993336,258.54541249145825,1.9145875784750803,99.2649206872606
314,TempoSight,GREEN_OBLIVIOUS,"(749,)",MEDIUM,30.190000025429168,30.0,0.020143178536679622,260.3800000508583,79.73422004195652,180.6457800089018,30.622252103227037
315,TempoSight,PREDICTIVE_CARBON_AWARE,"(751,)",MEDIUM,35.958333571753336,35.75,0.0,271.91666714350663,0.0,271.91666714350663,0.0
316,TempoSight,NAIVE_CARBON_AWARE,"(751,)",MEDIUM,35.958333571753336,35.75,0.0,271.91666714350663,0.0,271.91666714350663,0.0
317,TempoSight,GREEN_OBLIVIOUS,"(751,)",MEDIUM,30.673333454135,30.67,0.0,261.34666690827,0.0,261.34666690827,0.0
318,TempoSight,PREDICTIVE_CARBON_AWARE,"(759,)",MEDIUM,35.385833358767506,35.06,0.0,270.771666717535,0.0,270.771666717535,0.0
319,TempoSight,NAIVE_CARBON_AWARE,"(759,)",MEDIUM,35.385833358767506,35.06,0.0,270.771666717535,0.0,270.771666717535,0.0
320,TempoSight,GREEN_OBLIVIOUS,"(759,)",MEDIUM,31.45749997298333,31.23,0.0,262.91499994596666,0.0,262.91499994596666,0.0
321,TempoSight,PREDICTIVE_CARBON_AWARE,"(765,)",MEDIUM,38.237083215185066,38.16,0.0,276.47416643037013,0.0,276.47416643037013,0.0
322,TempoSight,NAIVE_CARBON_AWARE,"(765,)",MEDIUM,38.237083215185066,38.16,0.0,276.47416643037013,0.0,276.47416643037013,0.0
323,TempoSight,GREEN_OBLIVIOUS,"(765,)",MEDIUM,30.89395811822945,30.77,0.0,261.7879162364589,0.0,261.7879162364589,0.0
324,TempoSight,PREDICTIVE_CARBON_AWARE,"(773,)",MEDIUM,30.39999998410917,30.39,0.013740034068071944,260.79999996821834,57.21422012461652,203.5857798436018,21.93796784186686
325,TempoSight,NAIVE_CARBON_AWARE,"(773,)",MEDIUM,30.39999998410917,30.39,0.013740034068071944,260.79999996821834,57.21422012461652,203.5857798436018,21.93796784186686
326,TempoSight,GREEN_OBLIVIOUS,"(773,)",MEDIUM,30.39999998410917,30.39,0.013740034068071944,260.79999996821834,57.21422012461652,203.5857798436018,21.93796784186686
327,TempoSight,PREDICTIVE_CARBON_AWARE,"(782,)",MEDIUM,30.206666612620836,30.44,0.8695860659196747,260.4133332252417,258.559643699847,1.8536895253946373,99.28817411058161
328,TempoSight,NAIVE_CARBON_AWARE,"(782,)",MEDIUM,30.206666612620836,30.44,0.8695860659196747,260.4133332252417,258.559643699847,1.8536895253946373,99.28817411058161
329,TempoSight,GREEN_OBLIVIOUS,"(782,)",MEDIUM,30.66000002225083,30.0,0.049804284870181126,261.3200000445016,178.55789719078413,82.76210285371752,68.32921213851849
330,TempoSight,PREDICTIVE_CARBON_AWARE,"(793,)",MEDIUM,34.250000079475,34.06,0.8756329497264108,268.50000015895,268.50000015895,0.0,100.0
331,TempoSight,NAIVE_CARBON_AWARE,"(793,)",MEDIUM,34.250000079475,34.06,0.8756329497264108,268.50000015895,268.50000015895,0.0,100.0
332,TempoSight,GREEN_OBLIVIOUS,"(793,)",MEDIUM,30.448333326975,30.33,0.2848263616532274,260.89666665395,115.85164894679092,145.04501770715908,44.40518555971244
333,TempoSight,PREDICTIVE_CARBON_AWARE,"(798,)",MEDIUM,29.935833406445834,30.11,0.8656533292512298,259.8716668128916,257.9987458057182,1.8729210071734137,99.27929003182871
334,TempoSight,NAIVE_CARBON_AWARE,"(798,)",MEDIUM,30.0183334032675,30.14,0.8638347397210758,260.036666806535,258.16374579936155,1.8729210071734137,99.27974734095216
335,TempoSight,GREEN_OBLIVIOUS,"(798,)",MEDIUM,29.736666568125003,30.05,0.016944974789742922,259.47333313625,67.71922008011319,191.75411305613682,26.098720535783798
336,TempoSight,PREDICTIVE_CARBON_AWARE,"(803,)",MEDIUM,30.52333331902854,30.06,0.010528356371666688,261.04666663805705,48.35548105943978,212.69118557861725,18.523692212659043
337,TempoSight,NAIVE_CARBON_AWARE,"(803,)",MEDIUM,30.205833299954378,29.73,0.013740034068071944,260.4116665999087,57.71588692479152,202.69577967511722,22.163326120663044
338,TempoSight,GREEN_OBLIVIOUS,"(803,)",MEDIUM,30.52333331902854,30.06,0.010528356371666688,261.04666663805705,48.35548105943978,212.69118557861725,18.523692212659043
339,TempoSight,PREDICTIVE_CARBON_AWARE,"(806,)",MEDIUM,34.957638862391946,35.6,0.0,269.9152777247839,0.0,269.9152777247839,0.0
340,TempoSight,NAIVE_CARBON_AWARE,"(806,)",MEDIUM,34.957638862391946,35.6,0.0,269.9152777247839,0.0,269.9152777247839,0.0
341,TempoSight,GREEN_OBLIVIOUS,"(806,)",MEDIUM,29.86388889417861,30.44,0.0,259.72777778835723,0.0,259.72777778835723,0.0
342,TempoSight,PREDICTIVE_CARBON_AWARE,"(810,)",MEDIUM,35.114166704812504,35.12,0.8756329497264108,270.228333409625,270.228333409625,0.0,100.0
343,TempoSight,NAIVE_CARBON_AWARE,"(810,)",MEDIUM,35.114166704812504,35.12,0.8756329497264108,270.228333409625,270.228333409625,0.0,100.0
344,TempoSight,GREEN_OBLIVIOUS,"(810,)",MEDIUM,31.79999996821333,31.69,0.5983625602565137,263.5999999364266,246.5303075863502,17.06969235007644,93.52439592026055
345,TempoSight,PREDICTIVE_CARBON_AWARE,"(811,)",MEDIUM,41.118958353997705,40.97,0.8756329497264108,282.2379167079954,282.19379023057616,0.044126477419204946,99.98436550342564
346,TempoSight,NAIVE_CARBON_AWARE,"(811,)",MEDIUM,41.118958353997705,40.97,0.8756329497264108,282.2379167079954,282.19379023057616,0.044126477419204946,99.98436550342564
347,TempoSight,GREEN_OBLIVIOUS,"(811,)",MEDIUM,37.977499993641665,37.62,0.5983625602565137,275.9549999872833,254.22296914861136,21.732030838671974,92.12479178138703
348,TempoSight,PREDICTIVE_CARBON_AWARE,"(813,)",MEDIUM,29.67874995337715,30.05,4.448790935079924e-06,259.3574999067543,19.436666711169998,239.9208331955843,7.494160268416368
349,TempoSight,NAIVE_CARBON_AWARE,"(813,)",MEDIUM,38.89104171858445,38.66,0.0,277.78208343716886,0.0,277.78208343716886,0.0
350,TempoSight,GREEN_OBLIVIOUS,"(813,)",MEDIUM,29.67874995337715,30.05,4.448790935079924e-06,259.3574999067543,19.436666711169998,239.9208331955843,7.494160268416368
351,TempoSight,PREDICTIVE_CARBON_AWARE,"(815,)",MEDIUM,30.0699999491375,30.06,0.04584462050867493,260.139999898275,167.14983942507848,92.99016047319648,64.25380160315241
352,TempoSight,NAIVE_CARBON_AWARE,"(815,)",MEDIUM,30.0699999491375,30.06,0.04584462050867493,260.139999898275,167.14983942507848,92.99016047319648,64.25380160315241
353,TempoSight,GREEN_OBLIVIOUS,"(815,)",MEDIUM,30.0699999491375,30.06,0.04584462050867493,260.139999898275,167.14983942507848,92.99016047319648,64.25380160315241
354,TempoSight,PREDICTIVE_CARBON_AWARE,"(817,)",MEDIUM,33.9925001144375,34.03,0.0,267.98500022887504,0.0,267.98500022887504,0.0
355,TempoSight,NAIVE_CARBON_AWARE,"(817,)",MEDIUM,33.9925001144375,34.03,0.0,267.98500022887504,0.0,267.98500022887504,0.0
356,TempoSight,GREEN_OBLIVIOUS,"(817,)",MEDIUM,30.617500003175,30.25,0.0,261.23500000635,0.0,261.23500000635,0.0
357,TempoSight,PREDICTIVE_CARBON_AWARE,"(818,)",MEDIUM,32.01513882478174,32.5,0.0,264.03027764956346,0.0,264.03027764956346,0.0
358,TempoSight,NAIVE_CARBON_AWARE,"(818,)",MEDIUM,32.01513882478174,32.5,0.0,264.03027764956346,0.0,264.03027764956346,0.0
359,TempoSight,GREEN_OBLIVIOUS,"(818,)",MEDIUM,29.781597161295693,30.2,0.0,259.56319432259136,0.0,259.56319432259136,0.0
360,TempoSight,PREDICTIVE_CARBON_AWARE,"(820,)",MEDIUM,33.84604162772416,33.5,0.0,267.6920832554483,0.0,267.6920832554483,0.0
361,TempoSight,NAIVE_CARBON_AWARE,"(820,)",MEDIUM,33.84604162772416,33.5,0.0,267.6920832554483,0.0,267.6920832554483,0.0
362,TempoSight,GREEN_OBLIVIOUS,"(820,)",MEDIUM,30.793333339691667,30.36,0.0,261.5866666793833,0.0,261.5866666793833,0.0
363,TempoSight,PREDICTIVE_CARBON_AWARE,"(823,)",MEDIUM,35.448333517712506,32.25,0.7680365756829909,270.896667035425,254.3625874095359,16.53407962588907,93.89653634102226
364,TempoSight,NAIVE_CARBON_AWARE,"(823,)",MEDIUM,30.31583340962833,27.11,0.7504307292688127,260.6316668192567,244.0975871933676,16.53407962588907,93.65615090918511
365,TempoSight,GREEN_OBLIVIOUS,"(823,)",MEDIUM,30.8887499292675,30.42,0.013740034068071944,261.77749985853495,56.79255356602819,204.98494629250678,21.694971338911476
366,TempoSight,PREDICTIVE_CARBON_AWARE,"(825,)",MEDIUM,29.918333276120006,30.3,0.0008233448094331232,259.83666655224,11.067078140030741,248.76958841220923,4.259244196317348
367,TempoSight,NAIVE_CARBON_AWARE,"(825,)",MEDIUM,30.1516666094525,30.55,8.897581870159848e-06,260.303333218905,25.840555561912225,234.46277765699276,9.927093611275934
368,TempoSight,GREEN_OBLIVIOUS,"(825,)",MEDIUM,29.918333276120006,30.3,0.0008233448094331232,259.83666655224,11.067078140030741,248.76958841220923,4.259244196317348
369,TempoSight,PREDICTIVE_CARBON_AWARE,"(853,)",MEDIUM,32.69000005722,33.28,0.0,265.38000011444,0.0,265.38000011444,0.0
370,TempoSight,NAIVE_CARBON_AWARE,"(853,)",MEDIUM,32.69000005722,33.28,0.0,265.38000011444,0.0,265.38000011444,0.0
371,TempoSight,GREEN_OBLIVIOUS,"(853,)",MEDIUM,29.8933333158475,30.38,0.0,259.78666663169497,0.0,259.78666663169497,0.0
372,TempoSight,PREDICTIVE_CARBON_AWARE,"(861,)",MEDIUM,32.57666676839083,33.28,0.0,265.1533335367817,0.0,265.1533335367817,0.0
373,TempoSight,NAIVE_CARBON_AWARE,"(861,)",MEDIUM,32.57666676839083,33.28,0.0,265.1533335367817,0.0,265.1533335367817,0.0
374,TempoSight,GREEN_OBLIVIOUS,"(861,)",MEDIUM,30.14583342870083,30.61,0.0,260.29166685740165,0.0,260.29166685740165,0.0
375,TempoSight,PREDICTIVE_CARBON_AWARE,"(866,)",MEDIUM,31.03666656017,31.58,0.0,262.07333312034,0.0,262.07333312034,0.0
376,TempoSight,NAIVE_CARBON_AWARE,"(866,)",MEDIUM,31.03666656017,31.58,0.0,262.07333312034,0.0,262.07333312034,0.0
377,TempoSight,GREEN_OBLIVIOUS,"(866,)",MEDIUM,30.24416655699166,30.73,0.0,260.48833311398334,0.0,260.48833311398334,0.0
378,TempoSight,PREDICTIVE_CARBON_AWARE,"(878,)",MEDIUM,38.83833325704084,39.44,0.0,277.6766665140816,0.0,277.6766665140816,0.0
379,TempoSight,NAIVE_CARBON_AWARE,"(878,)",MEDIUM,38.83833325704084,39.44,0.0,277.6766665140816,0.0,277.6766665140816,0.0
380,TempoSight,GREEN_OBLIVIOUS,"(878,)",MEDIUM,29.43916670481583,30.2,0.0,258.87833340963164,0.0,258.87833340963164,0.0
381,TempoSight,PREDICTIVE_CARBON_AWARE,"(884,)",MEDIUM,31.28333340485833,31.27,0.0,262.5666668097166,0.0,262.5666668097166,0.0
382,TempoSight,NAIVE_CARBON_AWARE,"(884,)",MEDIUM,31.28333340485833,31.27,0.0,262.5666668097166,0.0,262.5666668097166,0.0
383,TempoSight,GREEN_OBLIVIOUS,"(884,)",MEDIUM,30.6691667636225,30.61,0.0,261.33833352724497,0.0,261.33833352724497,0.0
384,TempoSight,PREDICTIVE_CARBON_AWARE,"(891,)",MEDIUM,35.64916663170083,35.25,0.0,271.2983332634017,0.0,271.2983332634017,0.0
385,TempoSight,NAIVE_CARBON_AWARE,"(891,)",MEDIUM,35.64916663170083,35.25,0.0,271.2983332634017,0.0,271.2983332634017,0.0
386,TempoSight,GREEN_OBLIVIOUS,"(891,)",MEDIUM,31.208333325387503,30.5,0.0,262.416666650775,0.0,262.416666650775,0.0
387,TempoSight,PREDICTIVE_CARBON_AWARE,"(905,)",MEDIUM,33.56368066999743,33.1,0.0,267.1273613399949,0.0,267.1273613399949,0.0
388,TempoSight,NAIVE_CARBON_AWARE,"(905,)",MEDIUM,33.56368066999743,33.1,0.0,267.1273613399949,0.0,267.1273613399949,0.0
389,TempoSight,GREEN_OBLIVIOUS,"(905,)",MEDIUM,31.497013979489935,31.11,0.0,262.99402795897987,0.0,262.99402795897987,0.0
390,TempoSight,PREDICTIVE_CARBON_AWARE,"(915,)",MEDIUM,37.37631933953903,37.03,0.0,274.752638679078,0.0,274.752638679078,0.0
391,TempoSight,NAIVE_CARBON_AWARE,"(915,)",MEDIUM,37.37631933953903,37.03,0.0,274.752638679078,0.0,274.752638679078,0.0
392,TempoSight,GREEN_OBLIVIOUS,"(915,)",MEDIUM,30.26916667090806,30.17,0.0,260.5383333418161,0.0,260.5383333418161,0.0
393,TempoSight,PREDICTIVE_CARBON_AWARE,"(918,)",MEDIUM,36.529166682560835,36.7,0.0,273.05833336512165,0.0,273.05833336512165,0.0
394,TempoSight,NAIVE_CARBON_AWARE,"(918,)",MEDIUM,36.529166682560835,36.7,0.0,273.05833336512165,0.0,273.05833336512165,0.0
395,TempoSight,GREEN_OBLIVIOUS,"(918,)",MEDIUM,29.862500000001663,30.06,0.0,259.7250000000033,0.0,259.7250000000033,0.0
396,TempoSight,PREDICTIVE_CARBON_AWARE,"(922,)",MEDIUM,31.550833368301667,31.98,0.0,263.1016667366033,0.0,263.1016667366033,0.0
397,TempoSight,NAIVE_CARBON_AWARE,"(922,)",MEDIUM,31.550833368301667,31.98,0.0,263.1016667366033,0.0,263.1016667366033,0.0
398,TempoSight,GREEN_OBLIVIOUS,"(922,)",MEDIUM,30.136666671434167,30.3,0.0,260.27333334286834,0.0,260.27333334286834,0.0
399,TempoSight,PREDICTIVE_CARBON_AWARE,"(932,)",MEDIUM,31.29583328565,30.36,4.448790935079924e-06,262.5916665713,18.79499998092667,243.79666659037332,7.157500550697549
400,TempoSight,NAIVE_CARBON_AWARE,"(932,)",MEDIUM,30.03499997457,29.14,0.00244779047362397,260.06999994913997,18.922443790463074,241.14755615867693,7.275904100497405
401,TempoSight,GREEN_OBLIVIOUS,"(932,)",MEDIUM,31.29583328565,30.36,4.448790935079924e-06,262.5916665713,18.79499998092667,243.79666659037332,7.157500550697549
402,TempoSight,PREDICTIVE_CARBON_AWARE,"(938,)",MEDIUM,30.97333319981833,30.61,1.4829303116933079e-06,261.9466663996367,10.123333295188333,251.82333310444832,3.8646543719490425
403,TempoSight,NAIVE_CARBON_AWARE,"(938,)",MEDIUM,30.97333319981833,30.61,1.4829303116933079e-06,261.9466663996367,10.123333295188333,251.82333310444832,3.8646543719490425
404,TempoSight,GREEN_OBLIVIOUS,"(938,)",MEDIUM,30.97333319981833,30.61,1.4829303116933079e-06,261.9466663996367,10.123333295188333,251.82333310444832,3.8646543719490425
405,TempoSight,PREDICTIVE_CARBON_AWARE,"(939,)",MEDIUM,30.27187511522958,30.05,4.448790935079924e-06,260.5437502304591,19.246666685738333,241.2970835447208,7.387115088622948
406,TempoSight,NAIVE_CARBON_AWARE,"(939,)",MEDIUM,30.27187511522958,30.05,4.448790935079924e-06,260.5437502304591,19.246666685738333,241.2970835447208,7.387115088622948
407,TempoSight,GREEN_OBLIVIOUS,"(939,)",MEDIUM,30.27187511522958,30.05,4.448790935079924e-06,260.5437502304591,19.246666685738333,241.2970835447208,7.387115088622948
408,TempoSight,PREDICTIVE_CARBON_AWARE,"(957,)",MEDIUM,32.19222218725695,32.16,0.0,264.38444437451386,0.0,264.38444437451386,0.0
409,TempoSight,NAIVE_CARBON_AWARE,"(957,)",MEDIUM,32.19222218725695,32.16,0.0,264.38444437451386,0.0,264.38444437451386,0.0
410,TempoSight,GREEN_OBLIVIOUS,"(957,)",MEDIUM,30.305833302606946,30.33,0.0,260.6116666052138,0.0,260.6116666052138,0.0
411,TempoSight,PREDICTIVE_CARBON_AWARE,"(958,)",MEDIUM,30.155833196637502,30.19,0.8638347397210758,260.311666393275,258.24541207819993,2.066254315075083,99.20623829745941
412,TempoSight,NAIVE_CARBON_AWARE,"(958,)",MEDIUM,30.155833196637502,30.19,0.8638347397210758,260.311666393275,258.24541207819993,2.066254315075083,99.20623829745941
413,TempoSight,GREEN_OBLIVIOUS,"(958,)",MEDIUM,30.425000015891666,30.06,0.07290443801217215,260.85000003178334,117.79402621591393,143.05597381586938,45.15776354286421
414,TempoSight,PREDICTIVE_CARBON_AWARE,"(966,)",MEDIUM,35.38291674454792,35.5,0.0,270.7658334890958,0.0,270.7658334890958,0.0
415,TempoSight,NAIVE_CARBON_AWARE,"(966,)",MEDIUM,35.38291674454792,35.5,0.0,270.7658334890958,0.0,270.7658334890958,0.0
416,TempoSight,GREEN_OBLIVIOUS,"(966,)",MEDIUM,30.735416611033752,30.5,0.0,261.4708332220675,0.0,261.4708332220675,0.0
417,TempoSight,PREDICTIVE_CARBON_AWARE,"(971,)",MEDIUM,34.600972069633336,33.97,0.0,269.20194413926663,0.0,269.20194413926663,0.0
418,TempoSight,NAIVE_CARBON_AWARE,"(971,)",MEDIUM,34.600972069633336,33.97,0.0,269.20194413926663,0.0,269.20194413926663,0.0
419,TempoSight,GREEN_OBLIVIOUS,"(971,)",MEDIUM,30.956249880784725,30.38,0.0,261.91249976156945,0.0,261.91249976156945,0.0
420,TempoSight,PREDICTIVE_CARBON_AWARE,"(974,)",MEDIUM,29.831666580838334,30.08,0.00244779047362397,259.66333316167663,18.724110527066404,240.93922263461025,7.210918191290426
421,TempoSight,NAIVE_CARBON_AWARE,"(974,)",MEDIUM,30.6833332538625,30.73,0.0008233448094331232,261.366666507725,11.248744832127407,250.1179216755976,4.303817691226107
422,TempoSight,GREEN_OBLIVIOUS,"(974,)",MEDIUM,29.831666580838334,30.08,0.00244779047362397,259.66333316167663,18.724110527066404,240.93922263461025,7.210918191290426
423,TempoSight,PREDICTIVE_CARBON_AWARE,"(975,)",MEDIUM,34.14083336194667,34.25,0.0,268.2816667238933,0.0,268.2816667238933,0.0
424,TempoSight,NAIVE_CARBON_AWARE,"(975,)",MEDIUM,34.14083336194667,34.25,0.0,268.2816667238933,0.0,268.2816667238933,0.0
425,TempoSight,GREEN_OBLIVIOUS,"(975,)",MEDIUM,30.078333322210835,30.0,0.0,260.15666664442165,0.0,260.15666664442165,0.0
426,TempoSight,PREDICTIVE_CARBON_AWARE,"(983,)",MEDIUM,0.7275000028310167,87.5,0.8641302973292132,201.45500000566201,201.45500000566201,0.0,100.0
427,TempoSight,GREEN_OBLIVIOUS,"(983,)",MEDIUM,0.7183333357173499,87.2,0.7680365756829909,201.4366666714347,195.15291597399053,6.283750697444145,96.8805328239006
428,TempoSight,PREDICTIVE_CARBON_AWARE,"(984,)",MEDIUM,31.155833387376664,30.27,1.4829303116933079e-06,262.31166677475335,10.424999999998334,251.88666677475499,3.9742799579518007
429,TempoSight,NAIVE_CARBON_AWARE,"(984,)",MEDIUM,30.06916669209917,29.42,4.448790935079924e-06,260.1383333841983,18.619999980926664,241.51833340327164,7.15773017328699
430,TempoSight,GREEN_OBLIVIOUS,"(984,)",MEDIUM,31.155833387376664,30.27,1.4829303116933079e-06,262.31166677475335,10.424999999998334,251.88666677475499,3.9742799579518007
431,TempoSight,PREDICTIVE_CARBON_AWARE,"(985,)",MEDIUM,33.558333349230004,33.16,0.0,267.11666669846,0.0,267.11666669846,0.0
432,TempoSight,NAIVE_CARBON_AWARE,"(985,)",MEDIUM,33.558333349230004,33.16,0.0,267.11666669846,0.0,267.11666669846,0.0
433,TempoSight,GREEN_OBLIVIOUS,"(985,)",MEDIUM,30.192500027022504,30.0,0.0,260.385000054045,0.0,260.385000054045,0.0
434,TempoSight,PREDICTIVE_CARBON_AWARE,"(990,)",MEDIUM,33.48145830630938,33.22,0.0,266.96291661261876,0.0,266.96291661261876,0.0
435,TempoSight,NAIVE_CARBON_AWARE,"(990,)",MEDIUM,33.48145830630938,33.22,0.0,266.96291661261876,0.0,266.96291661261876,0.0
436,TempoSight,GREEN_OBLIVIOUS,"(990,)",MEDIUM,30.57444447013674,30.17,0.0,261.1488889402734,0.0,261.1488889402734,0.0
437,TempoSight,PREDICTIVE_CARBON_AWARE,"(997,)",MEDIUM,33.82166663805833,33.94,0.0,267.64333327611666,0.0,267.64333327611666,0.0
438,TempoSight,NAIVE_CARBON_AWARE,"(997,)",MEDIUM,33.82166663805833,33.94,0.0,267.64333327611666,0.0,267.64333327611666,0.0
439,TempoSight,GREEN_OBLIVIOUS,"(997,)",MEDIUM,29.840000009540834,30.0,0.0,259.68000001908166,0.0,259.68000001908166,0.0
440,TempoSight,PREDICTIVE_CARBON_AWARE,"(1003,)",MEDIUM,30.408888922798337,30.92,1.4829303116933079e-06,260.81777784559665,10.600000000001666,250.21777784559498,4.064140139356924
441,TempoSight,NAIVE_CARBON_AWARE,"(1003,)",MEDIUM,30.408888922798337,30.92,1.4829303116933079e-06,260.81777784559665,10.600000000001666,250.21777784559498,4.064140139356924
442,TempoSight,GREEN_OBLIVIOUS,"(1003,)",MEDIUM,30.408888922798337,30.92,1.4829303116933079e-06,260.81777784559665,10.600000000001666,250.21777784559498,4.064140139356924
443,TempoSight,PREDICTIVE_CARBON_AWARE,"(1005,)",MEDIUM,31.875833272930834,32.0,0.0,263.75166654586167,0.0,263.75166654586167,0.0
444,TempoSight,NAIVE_CARBON_AWARE,"(1005,)",MEDIUM,31.875833272930834,32.0,0.0,263.75166654586167,0.0,263.75166654586167,0.0
445,TempoSight,GREEN_OBLIVIOUS,"(1005,)",MEDIUM,30.133333381014168,30.23,0.0,260.2666667620283,0.0,260.2666667620283,0.0
446,TempoSight,PREDICTIVE_CARBON_AWARE,"(1013,)",MEDIUM,31.14006932046979,30.48,0.0,262.2801386409396,0.0,262.2801386409396,0.0
447,TempoSight,NAIVE_CARBON_AWARE,"(1013,)",MEDIUM,31.14006932046979,30.48,0.0,262.2801386409396,0.0,262.2801386409396,0.0
448,TempoSight,GREEN_OBLIVIOUS,"(1013,)",MEDIUM,31.14006932046979,30.48,0.0,262.2801386409396,0.0,262.2801386409396,0.0
449,TempoSight,PREDICTIVE_CARBON_AWARE,"(1015,)",MEDIUM,35.870833206178894,35.94,0.0,271.74166641235774,0.0,271.74166641235774,0.0
450,TempoSight,NAIVE_CARBON_AWARE,"(1015,)",MEDIUM,30.139444351198055,29.31,4.448790935079924e-06,260.2788887023961,19.66333338419667,240.61555531819943,7.554716973868672
451,TempoSight,GREEN_OBLIVIOUS,"(1015,)",MEDIUM,30.82944429715472,30.36,0.0,261.6588885943094,0.0,261.6588885943094,0.0
452,TempoSight,PREDICTIVE_CARBON_AWARE,"(1017,)",MEDIUM,35.016666475934166,35.06,0.0,270.0333329518683,0.0,270.0333329518683,0.0
453,TempoSight,NAIVE_CARBON_AWARE,"(1017,)",MEDIUM,35.016666475934166,35.06,0.0,270.0333329518683,0.0,270.0333329518683,0.0
454,TempoSight,GREEN_OBLIVIOUS,"(1017,)",MEDIUM,30.556666564943338,30.0,0.0,261.11333312988666,0.0,261.11333312988666,0.0
455,TempoSight,PREDICTIVE_CARBON_AWARE,"(1020,)",MEDIUM,30.068333323795002,30.25,0.013740034068071944,260.13666664759,57.132553496091525,203.00411315149847,21.962514639848763
456,TempoSight,NAIVE_CARBON_AWARE,"(1020,)",MEDIUM,30.068333323795002,30.25,0.013740034068071944,260.13666664759,57.132553496091525,203.00411315149847,21.962514639848763
457,TempoSight,GREEN_OBLIVIOUS,"(1020,)",MEDIUM,29.953333361942498,30.06,0.0048822345744427,259.906666723885,26.875108224813534,233.03155849907145,10.340291983877671
458,TempoSight,PREDICTIVE_CARBON_AWARE,"(1021,)",MEDIUM,30.018194357552986,30.0,4.448790935079924e-06,260.036388715106,19.31666666666667,240.7197220484393,7.428447519254649
459,TempoSight,NAIVE_CARBON_AWARE,"(1021,)",MEDIUM,30.018194357552986,30.0,4.448790935079924e-06,260.036388715106,19.31666666666667,240.7197220484393,7.428447519254649
460,TempoSight,GREEN_OBLIVIOUS,"(1021,)",MEDIUM,30.018194357552986,30.0,4.448790935079924e-06,260.036388715106,19.31666666666667,240.7197220484393,7.428447519254649
461,TempoSight,PREDICTIVE_CARBON_AWARE,"(1033,)",MEDIUM,30.61166659990917,30.0,0.023334645308882043,261.2233331998183,89.40088705830985,171.82244614150846,34.22392860668545
462,TempoSight,NAIVE_CARBON_AWARE,"(1033,)",MEDIUM,30.209999974568337,29.5,0.028190233357540496,260.41999994913664,110.46088706466819,149.95911288446848,42.41643771071447
463,TempoSight,GREEN_OBLIVIOUS,"(1033,)",MEDIUM,30.61166659990917,30.0,0.023334645308882043,261.2233331998183,89.40088705830985,171.82244614150846,34.22392860668545
464,TempoSight,PREDICTIVE_CARBON_AWARE,"(1052,)",MEDIUM,30.486666711175832,30.48,0.013740034068071944,260.97333342235163,57.16088693751152,203.81244648484014,21.902960807495226
465,TempoSight,NAIVE_CARBON_AWARE,"(1052,)",MEDIUM,30.486666711175832,30.48,0.013740034068071944,260.97333342235163,57.16088693751152,203.81244648484014,21.902960807495226
466,TempoSight,GREEN_OBLIVIOUS,"(1052,)",MEDIUM,30.486666711175832,30.48,0.013740034068071944,260.97333342235163,57.16088693751152,203.81244648484014,21.902960807495226
467,TempoSight,PREDICTIVE_CARBON_AWARE,"(1059,)",MEDIUM,34.49333341916167,34.75,0.0,268.98666683832334,0.0,268.98666683832334,0.0
468,TempoSight,NAIVE_CARBON_AWARE,"(1059,)",MEDIUM,34.49333341916167,34.75,0.0,268.98666683832334,0.0,268.98666683832334,0.0
469,TempoSight,GREEN_OBLIVIOUS,"(1059,)",MEDIUM,30.187499936425002,30.0,0.0,260.37499987284997,0.0,260.37499987284997,0.0
470,TempoSight,PREDICTIVE_CARBON_AWARE,"(1061,)",MEDIUM,34.2863888687525,33.88,0.0,268.57277773750496,0.0,268.57277773750496,0.0
471,TempoSight,NAIVE_CARBON_AWARE,"(1061,)",MEDIUM,34.2863888687525,33.88,0.0,268.57277773750496,0.0,268.57277773750496,0.0
472,TempoSight,GREEN_OBLIVIOUS,"(1061,)",MEDIUM,30.09583329624195,30.05,0.0,260.1916665924839,0.0,260.1916665924839,0.0
473,TempoSight,PREDICTIVE_CARBON_AWARE,"(1064,)",MEDIUM,34.38833336829416,34.6,0.0,268.77666673658837,0.0,268.77666673658837,0.0
474,TempoSight,NAIVE_CARBON_AWARE,"(1064,)",MEDIUM,34.38833336829416,34.6,0.0,268.77666673658837,0.0,268.77666673658837,0.0
475,TempoSight,GREEN_OBLIVIOUS,"(1064,)",MEDIUM,29.557500020663337,30.08,0.0,259.11500004132665,0.0,259.11500004132665,0.0
476,TempoSight,PREDICTIVE_CARBON_AWARE,"(1065,)",MEDIUM,32.776666720710836,33.12,0.0,265.55333344142167,0.0,265.55333344142167,0.0
477,TempoSight,NAIVE_CARBON_AWARE,"(1065,)",MEDIUM,32.776666720710836,33.12,0.0,265.55333344142167,0.0,265.55333344142167,0.0
478,TempoSight,GREEN_OBLIVIOUS,"(1065,)",MEDIUM,29.829999971393335,30.0,0.0,259.6599999427866,0.0,259.6599999427866,0.0
479,TempoSight,PREDICTIVE_CARBON_AWARE,"(1085,)",MEDIUM,35.113333495457496,35.1,0.0,270.22666699091496,0.0,270.22666699091496,0.0
480,TempoSight,NAIVE_CARBON_AWARE,"(1085,)",MEDIUM,35.113333495457496,35.1,0.0,270.22666699091496,0.0,270.22666699091496,0.0
481,TempoSight,GREEN_OBLIVIOUS,"(1085,)",MEDIUM,30.279166682561666,30.75,0.0,260.55833336512336,0.0,260.55833336512336,0.0
482,TempoSight,PREDICTIVE_CARBON_AWARE,"(1087,)",MEDIUM,31.159166558586666,30.42,1.4829303116933079e-06,262.3183331171733,10.545000012715,251.77333310445832,4.019924908566997
483,TempoSight,NAIVE_CARBON_AWARE,"(1087,)",MEDIUM,30.209999863310003,29.44,0.0008233448094331232,260.41999972662,11.195411422502408,249.2245883041176,4.298982963771971
484,TempoSight,GREEN_OBLIVIOUS,"(1087,)",MEDIUM,31.159166558586666,30.42,1.4829303116933079e-06,262.3183331171733,10.545000012715,251.77333310445832,4.019924908566997
485,TempoSight,PREDICTIVE_CARBON_AWARE,"(1092,)",MEDIUM,32.98673619296549,32.53,0.0,265.97347238593096,0.0,265.97347238593096,0.0
486,TempoSight,NAIVE_CARBON_AWARE,"(1092,)",MEDIUM,32.98673619296549,32.53,0.0,265.97347238593096,0.0,265.97347238593096,0.0
487,TempoSight,GREEN_OBLIVIOUS,"(1092,)",MEDIUM,30.58541673421465,30.44,0.0,261.17083346842924,0.0,261.17083346842924,0.0
488,TempoSight,PREDICTIVE_CARBON_AWARE,"(1094,)",MEDIUM,30.680833307901665,30.55,0.0008233448094331232,261.3616666158033,11.16207815274574,250.19958846305758,4.27074034891038
489,TempoSight,NAIVE_CARBON_AWARE,"(1094,)",MEDIUM,30.282500108082502,29.95,0.013740034068071944,260.565000216165,57.624220289918185,202.94077992624682,22.115103809841333
490,TempoSight,GREEN_OBLIVIOUS,"(1094,)",MEDIUM,30.680833307901665,30.55,0.0008233448094331232,261.3616666158033,11.16207815274574,250.19958846305758,4.27074034891038
491,TempoSight,PREDICTIVE_CARBON_AWARE,"(1098,)",MEDIUM,30.424999999999997,30.33,0.020143178536679622,260.84999999999997,79.23088691843985,181.61911308156013,30.374118044255265
492,TempoSight,NAIVE_CARBON_AWARE,"(1098,)",MEDIUM,30.424999999999997,30.33,0.020143178536679622,260.84999999999997,79.23088691843985,181.61911308156013,30.374118044255265
493,TempoSight,GREEN_OBLIVIOUS,"(1098,)",MEDIUM,30.424999999999997,30.33,0.020143178536679622,260.84999999999997,79.23088691843985,181.61911308156013,30.374118044255265
494,TempoSight,PREDICTIVE_CARBON_AWARE,"(1101,)",MEDIUM,30.56333325704,30.69,0.0,261.12666651408,0.0,261.12666651408,0.0
495,TempoSight,NAIVE_CARBON_AWARE,"(1101,)",MEDIUM,30.56333325704,30.69,0.0,261.12666651408,0.0,261.12666651408,0.0
496,TempoSight,GREEN_OBLIVIOUS,"(1101,)",MEDIUM,30.096666622162502,30.12,0.0,260.193333244325,0.0,260.193333244325,0.0
497,TempoSight,PREDICTIVE_CARBON_AWARE,"(1107,)",MEDIUM,29.327499985696665,30.12,0.7680365756829909,258.6549999713933,243.6606467292389,14.994353242154423,94.20295248736241
498,TempoSight,NAIVE_CARBON_AWARE,"(1107,)",MEDIUM,32.044166628520834,32.9,0.775946521601572,264.08833325704165,249.09398001488722,14.994353242154423,94.32222050204687
499,TempoSight,GREEN_OBLIVIOUS,"(1107,)",MEDIUM,29.327499985696665,30.12,0.7680365756829909,258.6549999713933,243.6606467292389,14.994353242154423,94.20295248736241
500,TempoSight,PREDICTIVE_CARBON_AWARE,"(1111,)",MEDIUM,34.9766666889175,35.38,0.0,269.953333377835,0.0,269.953333377835,0.0
501,TempoSight,NAIVE_CARBON_AWARE,"(1111,)",MEDIUM,34.9766666889175,35.38,0.0,269.953333377835,0.0,269.953333377835,0.0
502,TempoSight,GREEN_OBLIVIOUS,"(1111,)",MEDIUM,30.244166636465835,30.23,0.0,260.48833327293164,0.0,260.48833327293164,0.0
503,TempoSight,PREDICTIVE_CARBON_AWARE,"(1115,)",MEDIUM,31.058333269754996,31.0,0.8756329497264108,262.11666653951,262.11666653951,0.0,100.0
504,TempoSight,NAIVE_CARBON_AWARE,"(1115,)",MEDIUM,31.058333269754996,31.0,0.8756329497264108,262.11666653951,262.11666653951,0.0,100.0
505,TempoSight,GREEN_OBLIVIOUS,"(1115,)",MEDIUM,29.740833250685835,30.05,0.7393080154592356,259.48166650137165,240.16002227653047,19.321644224841176,92.55375360989558
506,TempoSight,PREDICTIVE_CARBON_AWARE,"(1125,)",MEDIUM,30.232499917348335,30.23,0.8656533292512298,260.46499983469664,258.10374560227325,2.361254232423418,99.09344663047935
507,TempoSight,NAIVE_CARBON_AWARE,"(1125,)",MEDIUM,30.232499917348335,30.23,0.8656533292512298,260.46499983469664,258.10374560227325,2.361254232423418,99.09344663047935
508,TempoSight,GREEN_OBLIVIOUS,"(1125,)",MEDIUM,30.4508332252525,30.12,0.04205301313025789,260.901666450505,160.3744826531356,100.52718379736939,61.46932092653377
509,TempoSight,PREDICTIVE_CARBON_AWARE,"(1129,)",MEDIUM,33.032500012715836,32.8,0.8756329497264108,266.06500002543163,266.06500002543163,0.0,100.0
510,TempoSight,NAIVE_CARBON_AWARE,"(1129,)",MEDIUM,33.032500012715836,32.8,0.8756329497264108,266.06500002543163,266.06500002543163,0.0,100.0
511,TempoSight,GREEN_OBLIVIOUS,"(1129,)",MEDIUM,30.480833212534165,30.0,0.16781930925763633,260.9616664250683,95.97514709622612,164.9865193288422,36.77748859094756
512,TempoSight,PREDICTIVE_CARBON_AWARE,"(1130,)",MEDIUM,31.23666667938167,30.94,0.8722601045713788,262.4733333587633,262.4733333587633,0.0,100.0
513,TempoSight,NAIVE_CARBON_AWARE,"(1130,)",MEDIUM,31.23666667938167,30.94,0.8722601045713788,262.4733333587633,262.4733333587633,0.0,100.0
514,TempoSight,GREEN_OBLIVIOUS,"(1130,)",MEDIUM,30.410833263397496,30.0,0.6580405493551194,260.82166652679496,219.59373491605908,41.2279316107359,84.19305721041376
515,TempoSight,PREDICTIVE_CARBON_AWARE,"(1132,)",MEDIUM,29.897500038148337,30.14,0.016944974789742922,259.7950000762967,67.78588687392985,192.0091132023668,26.092067535565533
516,TempoSight,NAIVE_CARBON_AWARE,"(1132,)",MEDIUM,30.36916672388917,30.62,0.013740034068071944,260.7383334477783,56.76588692479319,203.97244652298514,21.771208772477056
517,TempoSight,GREEN_OBLIVIOUS,"(1132,)",MEDIUM,29.897500038148337,30.14,0.016944974789742922,259.7950000762967,67.78588687392985,192.0091132023668,26.092067535565533
518,TempoSight,PREDICTIVE_CARBON_AWARE,"(1139,)",MEDIUM,29.7950000604,30.02,0.8695860659196747,259.59000012079997,257.5329771857787,2.0570229350213047,99.20758775990444
519,TempoSight,NAIVE_CARBON_AWARE,"(1139,)",MEDIUM,30.1016667366025,30.42,0.8656533292512298,260.203333473205,258.0037457930099,2.1995876801950818,99.15466583350991
520,TempoSight,GREEN_OBLIVIOUS,"(1139,)",MEDIUM,29.7950000604,30.02,0.8695860659196747,259.59000012079997,257.5329771857787,2.0570229350213047,99.20758775990444
521,TempoSight,PREDICTIVE_CARBON_AWARE,"(1144,)",MEDIUM,30.445000139871667,30.36,0.0008233448094331232,260.8900002797433,10.947078159104073,249.94292212063925,4.196051265807775
522,TempoSight,NAIVE_CARBON_AWARE,"(1144,)",MEDIUM,30.445000139871667,30.36,0.0008233448094331232,260.8900002797433,10.947078159104073,249.94292212063925,4.196051265807775
523,TempoSight,GREEN_OBLIVIOUS,"(1144,)",MEDIUM,30.445000139871667,30.36,0.0008233448094331232,260.8900002797433,10.947078159104073,249.94292212063925,4.196051265807775
524,TempoSight,PREDICTIVE_CARBON_AWARE,"(1146,)",MEDIUM,30.735416722298126,30.06,0.016944974789742922,261.4708334445962,67.86255361053485,193.6082798340614,25.954158143192835
525,TempoSight,NAIVE_CARBON_AWARE,"(1146,)",MEDIUM,30.490416693688957,29.69,0.020143178536679622,260.98083338737786,78.41755359781985,182.56327978955807,30.047246221113667
526,TempoSight,GREEN_OBLIVIOUS,"(1146,)",MEDIUM,30.735416722298126,30.06,0.016944974789742922,261.4708334445962,67.86255361053485,193.6082798340614,25.954158143192835
527,TempoSight,PREDICTIVE_CARBON_AWARE,"(1149,)",MEDIUM,30.331041661897086,30.06,0.8641302973292132,260.66208332379415,258.7824957198924,1.879587603901749,99.27891790783896
528,TempoSight,NAIVE_CARBON_AWARE,"(1149,)",MEDIUM,30.331041661897086,30.06,0.8641302973292132,260.66208332379415,258.7824957198924,1.879587603901749,99.27891790783896
529,TempoSight,GREEN_OBLIVIOUS,"(1149,)",MEDIUM,30.331041661897086,30.06,0.8641302973292132,260.66208332379415,258.7824957198924,1.879587603901749,99.27891790783896
530,TempoSight,PREDICTIVE_CARBON_AWARE,"(1151,)",MEDIUM,29.801458346848122,30.11,0.8656533292512298,259.6029166936962,257.55499578189114,2.0479209118050843,99.21113331934501
531,TempoSight,NAIVE_CARBON_AWARE,"(1151,)",MEDIUM,30.07562501033479,30.31,0.8638347397210758,260.1512500206696,258.1033291088645,2.0479209118050843,99.21279605166518
532,TempoSight,GREEN_OBLIVIOUS,"(1151,)",MEDIUM,29.895000012717503,30.11,0.7680365756829909,259.790000025435,241.73168902585212,18.058310999582847,93.04888140505221
533,TempoSight,PREDICTIVE_CARBON_AWARE,"(1156,)",MEDIUM,36.197500117619164,36.12,0.0,272.39500023523834,0.0,272.39500023523834,0.0
534,TempoSight,NAIVE_CARBON_AWARE,"(1156,)",MEDIUM,36.197500117619164,36.12,0.0,272.39500023523834,0.0,272.39500023523834,0.0
535,TempoSight,GREEN_OBLIVIOUS,"(1156,)",MEDIUM,30.306666771575834,30.44,0.0,260.6133335431516,0.0,260.6133335431516,0.0
536,TempoSight,PREDICTIVE_CARBON_AWARE,"(1159,)",MEDIUM,29.62166668574,30.12,0.839809162309586,259.24333337148,253.6524465590068,5.5908868124731885,97.84338260900935
537,TempoSight,NAIVE_CARBON_AWARE,"(1159,)",MEDIUM,30.421666638060003,30.5,0.0556341425745994,260.84333327612,151.02892430465658,109.81440897146341,57.90024318727074
538,TempoSight,GREEN_OBLIVIOUS,"(1159,)",MEDIUM,29.909166653955,30.05,0.06333419362192974,259.81833330791,128.5407677289166,131.2775655789934,49.47332472361882
539,TempoSight,PREDICTIVE_CARBON_AWARE,"(1162,)",MEDIUM,30.54833318392917,30.2,0.796343132021231,261.0966663678583,243.7452685723618,17.351397795496535,93.35441618735561
540,TempoSight,NAIVE_CARBON_AWARE,"(1162,)",MEDIUM,30.1416665395125,29.62,0.839809162309586,260.28333307902494,254.12488168032135,6.158451398703631,97.6339432395259
541,TempoSight,GREEN_OBLIVIOUS,"(1162,)",MEDIUM,29.381666723888333,30.06,0.03211559995571347,258.76333344777663,129.82333753077194,128.9399959170047,50.170685236195865
542,TempoSight,PREDICTIVE_CARBON_AWARE,"(1173,)",MEDIUM,30.524374870460207,30.02,0.023334645308882043,261.0487497409204,89.93922015640484,171.10952958451554,34.45303616495602
543,TempoSight,NAIVE_CARBON_AWARE,"(1173,)",MEDIUM,30.071874892711875,29.64,0.02601699691583567,260.1437497854237,100.55255350881151,159.5911962766122,38.65268859688192
544,TempoSight,GREEN_OBLIVIOUS,"(1173,)",MEDIUM,30.524374870460207,30.02,0.023334645308882043,261.0487497409204,89.93922015640484,171.10952958451554,34.45303616495602
545,TempoSight,PREDICTIVE_CARBON_AWARE,"(1174,)",MEDIUM,32.18416657447917,32.47,0.8756329497264108,264.3683331489583,264.3683331489583,0.0,100.0
546,TempoSight,NAIVE_CARBON_AWARE,"(1174,)",MEDIUM,32.18416657447917,32.47,0.8756329497264108,264.3683331489583,264.3683331489583,0.0,100.0
547,TempoSight,GREEN_OBLIVIOUS,"(1174,)",MEDIUM,30.160833215714998,30.19,0.6432932176889842,260.32166643143,233.88461604436873,26.437050387061245,89.8444679040863
548,TempoSight,PREDICTIVE_CARBON_AWARE,"(1177,)",MEDIUM,29.967500178016667,30.06,0.8656533292512298,259.93500035603336,257.6470792916399,2.287921064393416,99.11981031363237
549,TempoSight,NAIVE_CARBON_AWARE,"(1177,)",MEDIUM,30.332500203448333,30.33,0.8638347397210758,260.66500040689664,258.37707934250324,2.287921064393416,99.12227531090788
550,TempoSight,GREEN_OBLIVIOUS,"(1177,)",MEDIUM,30.104166698458332,30.02,0.028190233357540496,260.20833339691666,111.49422020726485,148.7141131896518,42.84805899632498
551,TempoSight,PREDICTIVE_CARBON_AWARE,"(1180,)",MEDIUM,29.780833450953335,30.05,0.013740034068071944,259.5616669019067,56.96588689300319,202.59578000890346,21.946956795639508
552,TempoSight,NAIVE_CARBON_AWARE,"(1180,)",MEDIUM,30.380000162126663,30.5,0.00244779047362397,260.7600003242533,19.005777187373074,241.75422313688026,7.288609128600827
553,TempoSight,GREEN_OBLIVIOUS,"(1180,)",MEDIUM,29.780833450953335,30.05,0.013740034068071944,259.5616669019067,56.96588689300319,202.59578000890346,21.946956795639508
554,TempoSight,PREDICTIVE_CARBON_AWARE,"(1185,)",MEDIUM,30.688333415983333,30.11,0.0008233448094331232,261.37666683196665,11.228744787624073,250.14792204434258,4.296001216835008
555,TempoSight,NAIVE_CARBON_AWARE,"(1185,)",MEDIUM,30.041666698452502,29.45,0.00244779047362397,260.083333396905,18.92911051434807,241.1542228825569,7.278094396560563
556,TempoSight,GREEN_OBLIVIOUS,"(1185,)",MEDIUM,30.688333415983333,30.11,0.0008233448094331232,261.37666683196665,11.228744787624073,250.14792204434258,4.296001216835008
557,TempoSight,PREDICTIVE_CARBON_AWARE,"(1187,)",MEDIUM,30.051666657130834,30.2,4.448790935079924e-06,260.10333331426165,18.546666653951668,241.55666666031,7.130499412532804
558,TempoSight,NAIVE_CARBON_AWARE,"(1187,)",MEDIUM,30.051666657130834,30.2,4.448790935079924e-06,260.10333331426165,18.546666653951668,241.55666666031,7.130499412532804
559,TempoSight,GREEN_OBLIVIOUS,"(1187,)",MEDIUM,30.051666657130834,30.2,4.448790935079924e-06,260.10333331426165,18.546666653951668,241.55666666031,7.130499412532804
560,TempoSight,PREDICTIVE_CARBON_AWARE,"(1191,)",MEDIUM,30.00833334923,30.02,0.796343132021231,260.01666669845997,243.31360200741847,16.70306469104154,93.57615613524807
561,TempoSight,NAIVE_CARBON_AWARE,"(1191,)",MEDIUM,30.00833334923,30.02,0.796343132021231,260.01666669845997,243.31360200741847,16.70306469104154,93.57615613524807
562,TempoSight,GREEN_OBLIVIOUS,"(1191,)",MEDIUM,30.00833334923,30.02,0.796343132021231,260.01666669845997,243.31360200741847,16.70306469104154,93.57615613524807
563,TempoSight,PREDICTIVE_CARBON_AWARE,"(1195,)",MEDIUM,30.10916663805917,30.05,0.8638347397210758,260.2183332761183,258.1970790373366,2.021254238781749,99.22324679689768
564,TempoSight,NAIVE_CARBON_AWARE,"(1195,)",MEDIUM,30.10916663805917,30.05,0.8638347397210758,260.2183332761183,258.1970790373366,2.021254238781749,99.22324679689768
565,TempoSight,GREEN_OBLIVIOUS,"(1195,)",MEDIUM,30.10916663805917,30.05,0.8638347397210758,260.2183332761183,258.1970790373366,2.021254238781749,99.22324679689768
566,TempoSight,PREDICTIVE_CARBON_AWARE,"(1197,)",MEDIUM,30.073333342871667,30.23,0.8695860659196747,260.1466666857433,258.0246437888703,2.1220228968729717,99.18429748729535
567,TempoSight,NAIVE_CARBON_AWARE,"(1197,)",MEDIUM,30.073333342871667,30.23,0.8695860659196747,260.1466666857433,258.0246437888703,2.1220228968729717,99.18429748729535
568,TempoSight,GREEN_OBLIVIOUS,"(1197,)",MEDIUM,29.989166545869168,30.02,0.12137451199674197,259.9783330917383,93.76336761334514,166.2149654783932,36.0658392175547
569,TempoSight,PREDICTIVE_CARBON_AWARE,"(1203,)",MEDIUM,30.3383332252525,30.33,0.8756329497264108,260.67666645050497,260.67666645050497,0.0,100.0
570,TempoSight,NAIVE_CARBON_AWARE,"(1203,)",MEDIUM,30.3383332252525,30.33,0.8756329497264108,260.67666645050497,260.67666645050497,0.0,100.0
571,TempoSight,GREEN_OBLIVIOUS,"(1203,)",MEDIUM,30.86749998728583,30.3,0.04584462050867493,261.7349999745716,168.66317274569684,93.07182722887481,64.44043508208036
572,TempoSight,PREDICTIVE_CARBON_AWARE,"(1221,)",MEDIUM,35.23722232844993,35.53,0.0,270.4744446568999,0.0,270.4744446568999,0.0
573,TempoSight,NAIVE_CARBON_AWARE,"(1221,)",MEDIUM,35.23722232844993,35.53,0.0,270.4744446568999,0.0,270.4744446568999,0.0
574,TempoSight,GREEN_OBLIVIOUS,"(1221,)",MEDIUM,30.733472242619513,30.33,0.0,261.4669444852391,0.0,261.4669444852391,0.0
575,TempoSight,PREDICTIVE_CARBON_AWARE,"(1223,)",MEDIUM,29.980833292006665,30.19,0.8756329497264108,259.9616665840133,259.9616665840133,0.0,100.0
576,TempoSight,NAIVE_CARBON_AWARE,"(1223,)",MEDIUM,30.5399999618525,30.73,0.8695860659196747,261.079999923705,258.9829770268303,2.0970228968746376,99.19678914605198
577,TempoSight,GREEN_OBLIVIOUS,"(1223,)",MEDIUM,29.919999933245833,30.02,0.7256296781730903,259.8399998664916,234.5674553468134,25.272544519678206,90.2738052137225
578,TempoSight,PREDICTIVE_CARBON_AWARE,"(1225,)",MEDIUM,29.5691666762025,30.3,0.03497396932269129,259.13833335240497,140.70333729553528,118.43499605686972,54.29661273007854
579,TempoSight,NAIVE_CARBON_AWARE,"(1225,)",MEDIUM,30.09333338737417,30.81,0.02601699691583567,260.18666677474835,100.03922015640319,160.14744661834516,38.44901869741474
580,TempoSight,GREEN_OBLIVIOUS,"(1225,)",MEDIUM,29.495000044504167,30.23,0.03211559995571347,258.9900000890083,129.71833738454362,129.2716627044647,50.08623396268687
581,TempoSight,PREDICTIVE_CARBON_AWARE,"(1239,)",MEDIUM,32.46000009643333,32.97,0.0,264.92000019286667,0.0,264.92000019286667,0.0
582,TempoSight,NAIVE_CARBON_AWARE,"(1239,)",MEDIUM,32.46000009643333,32.97,0.0,264.92000019286667,0.0,264.92000019286667,0.0
583,TempoSight,GREEN_OBLIVIOUS,"(1239,)",MEDIUM,30.15111111535361,30.14,0.0,260.30222223070723,0.0,260.30222223070723,0.0
584,TempoSight,PREDICTIVE_CARBON_AWARE,"(1250,)",MEDIUM,29.86083334286917,30.27,0.00244779047362397,259.72166668573834,18.959110501631404,240.76255618410693,7.299780085183196
585,TempoSight,NAIVE_CARBON_AWARE,"(1250,)",MEDIUM,30.59666663805667,30.94,0.0008233448094331232,261.1933332761133,11.27207809552574,249.9212551805876,4.315607122946655
586,TempoSight,GREEN_OBLIVIOUS,"(1250,)",MEDIUM,29.86083334286917,30.27,0.00244779047362397,259.72166668573834,18.959110501631404,240.76255618410693,7.299780085183196
587,TempoSight,PREDICTIVE_CARBON_AWARE,"(1257,)",MEDIUM,30.07083347638083,30.17,0.0008233448094331232,260.1416669527616,11.08374480669574,249.05792214606592,4.260657255151827
588,TempoSight,NAIVE_CARBON_AWARE,"(1257,)",MEDIUM,30.07083347638083,30.17,0.0008233448094331232,260.1416669527616,11.08374480669574,249.05792214606592,4.260657255151827
589,TempoSight,GREEN_OBLIVIOUS,"(1257,)",MEDIUM,30.07083347638083,30.17,0.0008233448094331232,260.1416669527616,11.08374480669574,249.05792214606592,4.260657255151827
590,TempoSight,PREDICTIVE_CARBON_AWARE,"(1272,)",MEDIUM,29.75583330790417,30.23,0.016944974789742922,259.5116666158083,67.68422010553653,191.82744651027178,26.08137853229505
591,TempoSight,NAIVE_CARBON_AWARE,"(1272,)",MEDIUM,30.350833304725,30.86,0.013740034068071944,260.70166660944994,57.41588676584652,203.28577984360345,22.02359789738502
592,TempoSight,GREEN_OBLIVIOUS,"(1272,)",MEDIUM,29.75583330790417,30.23,0.016944974789742922,259.5116666158083,67.68422010553653,191.82744651027178,26.08137853229505
593,TempoSight,PREDICTIVE_CARBON_AWARE,"(1273,)",MEDIUM,34.65666656494417,34.72,0.0,269.3133331298883,0.0,269.3133331298883,0.0
594,TempoSight,NAIVE_CARBON_AWARE,"(1273,)",MEDIUM,34.65666656494417,34.72,0.0,269.3133331298883,0.0,269.3133331298883,0.0
595,TempoSight,GREEN_OBLIVIOUS,"(1273,)",MEDIUM,29.6399999936425,30.42,0.0,259.279999987285,0.0,259.279999987285,0.0
596,TempoSight,PREDICTIVE_CARBON_AWARE,"(1275,)",MEDIUM,36.27187478012646,36.4,0.0,272.5437495602529,0.0,272.5437495602529,0.0
597,TempoSight,NAIVE_CARBON_AWARE,"(1275,)",MEDIUM,36.27187478012646,36.4,0.0,272.5437495602529,0.0,272.5437495602529,0.0
598,TempoSight,GREEN_OBLIVIOUS,"(1275,)",MEDIUM,30.228333245384793,30.69,0.0,260.4566664907696,0.0,260.4566664907696,0.0
599,TempoSight,PREDICTIVE_CARBON_AWARE,"(1276,)",MEDIUM,34.48645836247223,34.3,0.0,268.9729167249444,0.0,268.9729167249444,0.0
600,TempoSight,NAIVE_CARBON_AWARE,"(1276,)",MEDIUM,34.48645836247223,34.3,0.0,268.9729167249444,0.0,268.9729167249444,0.0
601,TempoSight,GREEN_OBLIVIOUS,"(1276,)",MEDIUM,30.888611110051386,30.48,0.0,261.7772222201028,0.0,261.7772222201028,0.0
602,TempoSight,PREDICTIVE_CARBON_AWARE,"(1284,)",MEDIUM,30.302499882379994,30.3,4.448790935079924e-06,260.60499976476,18.441666666668333,242.16333309809164,7.076482294397671
603,TempoSight,NAIVE_CARBON_AWARE,"(1284,)",MEDIUM,30.302499882379994,30.3,4.448790935079924e-06,260.60499976476,18.441666666668333,242.16333309809164,7.076482294397671
604,TempoSight,GREEN_OBLIVIOUS,"(1284,)",MEDIUM,30.302499882379994,30.3,4.448790935079924e-06,260.60499976476,18.441666666668333,242.16333309809164,7.076482294397671
605,TempoSight,PREDICTIVE_CARBON_AWARE,"(1288,)",MEDIUM,34.628472138777575,34.16,0.0,269.25694427755514,0.0,269.25694427755514,0.0
606,TempoSight,NAIVE_CARBON_AWARE,"(1288,)",MEDIUM,34.628472138777575,34.16,0.0,269.25694427755514,0.0,269.25694427755514,0.0
607,TempoSight,GREEN_OBLIVIOUS,"(1288,)",MEDIUM,30.301180419659232,30.52,0.0,260.60236083931846,0.0,260.60236083931846,0.0
608,TempoSight,PREDICTIVE_CARBON_AWARE,"(1298,)",MEDIUM,29.7241666952775,30.11,0.020143178536679622,259.4483333905549,78.90088686757484,180.54744652298012,30.411020890545903
609,TempoSight,NAIVE_CARBON_AWARE,"(1298,)",MEDIUM,30.072500054042496,30.44,0.016944974789742922,260.145000108085,68.25922020090817,191.8857799071768,26.238912980279398
610,TempoSight,GREEN_OBLIVIOUS,"(1298,)",MEDIUM,29.7241666952775,30.11,0.020143178536679622,259.4483333905549,78.90088686757484,180.54744652298012,30.411020890545903
611,TempoSight,PREDICTIVE_CARBON_AWARE,"(1299,)",MEDIUM,30.835833342875002,30.0,0.013740034068071944,261.67166668575,56.650886899363186,205.0207797863868,21.649606782761495
612,TempoSight,NAIVE_CARBON_AWARE,"(1299,)",MEDIUM,30.084999990468333,29.27,0.020143178536679622,260.16999998093667,78.01088687393317,182.15911310700346,29.98458195781575
613,TempoSight,GREEN_OBLIVIOUS,"(1299,)",MEDIUM,30.835833342875002,30.0,0.013740034068071944,261.67166668575,56.650886899363186,205.0207797863868,21.649606782761495
614,TempoSight,PREDICTIVE_CARBON_AWARE,"(1305,)",MEDIUM,29.904999987285834,30.0,0.8638347397210758,259.80999997457167,257.8779771031287,1.932022871442971,99.25637085884607
615,TempoSight,NAIVE_CARBON_AWARE,"(1305,)",MEDIUM,30.29083333015667,30.33,0.8641302973292132,260.5816666603133,258.6496437888703,1.932022871442971,99.25857298550419
616,TempoSight,GREEN_OBLIVIOUS,"(1305,)",MEDIUM,29.904999987285834,30.0,0.8638347397210758,259.80999997457167,257.8779771031287,1.932022871442971,99.25637085884607
